Workbook

Sheet MoveData
A1: move_id | B1: 招式 | C1: 起手/蓄气 | D1: 维持 | E1: 击中 | F1: 卡肉 | G1: MV | H1: MV_ele | I1: 总帧数 | J1: 蓄力(Y/N)
A2: 1 | B2: 直斩 | C2: 18 | D2: 0 | E2: 15 | F2: 0 | G2: 30 | H2: 1 | I2: =SUM(C2,D2,E2,F2) -> 33 | J2: N
A3: 2 | B3: 蓄力斩 | C3: 71 | D3: 5 | E3: 27 | F3: 8 | G3: 110 | H3: 1.5 | I3: =SUM(C3,D3,E3,F3) -> 111 | J3: Y
A4: 3 | B4: 强蓄力斩 | C4: 71 | D4: 5 | E4: 33 | F4: 8 | G4: 131 | H4: 1.7 | I4: =SUM(C4,D4,E4,F4) -> 117 | J4: Y
A5: 4 | B5: 强横扫斩 | C5: 77 | D5: 0 | E5: 0 | F5: 20 | G5: 78 | H5: 1.5 | I5: =SUM(C5,D5,E5,F5) -> 97 | J5: N
A6: 5 | B6: 真蓄力斩（强击） | C6: 71 | D6: 5 | E6: 85 | F6: 35 | G6: 286 | H6: 2.8 | I6: =SUM(C6,D6,E6,F6) -> 196 | J6: Y
A7: 6 | B7: 强化射击 | C7: 26 | D7: 0 | E7: 0 | F7: 0 | G7: 0 | H7: 0 | I7: =SUM(C7,D7,E7,F7) -> 26 | J7: N
A8: 7 | B8: 回避 | C8: 21 | D8: 0 | E8: 0 | F8: 0 | G8: 0 | H8: 0 | I8: =SUM(C8,D8,E8,F8) -> 21 | J8: N
A9: 8 | B9: 纳刀 | C9: 22 | D9: 0 | E9: 0 | F9: 0 | G9: 0 | H9: 0 | I9: =SUM(C9,D9,E9,F9) -> 22 | J9: N

Sheet Combo
A1: combo_id | B1: combo_name | C1: move_1 | D1: move_2 | E1: move_3 | F1: move_4 | G1: move_5
A2: COMBO_DRAW_SLASH | B2: 蹭刀 | C2: 直斩 | D2: 回避 | E2: 纳刀
A3: COMBO_DRAW_CHARGE | B3: 拔刀三蓄 | C3: 蓄力斩 | D3: 回避 | E3: 纳刀
A4: COMBO_DRAW_STRONG | B4: 拔刀三蓄+强蓄 | C4: 蓄力斩 | D4: 强蓄力斩 | E4: 回避 | F4: 纳刀
A5: COMBO_DRAW_STRONG_SWEEP | B5: 拔刀三蓄+强蓄+强横 | C5: 蓄力斩 | D5: 强蓄力斩 | E5: 强横扫斩 | F5: 回避 | G5: 纳刀
A6: COMBO_FULL_CHARGE | B6: 完整蓄力连段 | C6: 蓄力斩 | D6: 强蓄力斩 | E6: 真蓄力斩（强击） | F6: 回避 | G6: 纳刀
A7: COMBO_SLINGER_TCS | B7: 直斩投射器真蓄 | C7: 直斩 | D7: 强化射击 | E7: 真蓄力斩（强击） | F7: 回避 | G7: 纳刀
A8: COMBO_CHARGE_SLINGER_TCS | B8: 三蓄投射器真蓄 | C8: 蓄力斩 | D8: 强化射击 | E8: 真蓄力斩（强击） | F8: 回避 | G8: 纳刀
A9: COMBO_ROLL_SLINGER_TCS | B9: 回避投射器真蓄 | C9: 回避 | D9: 强化射击 | E9: 真蓄力斩（强击） | F9: 回避 | G9: 纳刀

Sheet Combo_Calc
A1: combo_id | B1: combo_name | C1: MV_total | D1: MV_ele_total | E1: frames_base | F1: Mpf | G1: Epf | H1: charge_count | I1: charge_frame_per_charge | J1: sheathe_count
A2: COMBO_DRAW_SLASH | B2: =Combo!B2 -> 蹭刀 | C2: =SUM(_xlfn.XLOOKUP(Combo!C2,MoveData!B:B,MoveData!G:G),_xlfn.XLOOKUP(Combo!D2,MoveData!B:B,MoveData!G:G),_xlfn.XLOOKUP(Combo!E2,MoveData!B:B,MoveData!G:G),_xlfn.XLOOKUP(Combo!F2,MoveData!B:B,MoveData!G:G),_xlfn.XLOOKUP(Combo!G2,MoveData!B:B,MoveData!G:G)) -> 30 | D2: =SUM(_xlfn.XLOOKUP(Combo!C2,MoveData!B:B,MoveData!H:H),_xlfn.XLOOKUP(Combo!D2,MoveData!B:B,MoveData!H:H),_xlfn.XLOOKUP(Combo!E2,MoveData!B:B,MoveData!H:H),_xlfn.XLOOKUP(Combo!F2,MoveData!B:B,MoveData!H:H),_xlfn.XLOOKUP(Combo!G2,MoveData!B:B,MoveData!H:H)) -> 1 | E2: =SUM(_xlfn.XLOOKUP(Combo!C2,MoveData!B:B,MoveData!I:I),_xlfn.XLOOKUP(Combo!D2,MoveData!B:B,MoveData!I:I),_xlfn.XLOOKUP(Combo!E2,MoveData!B:B,MoveData!I:I),_xlfn.XLOOKUP(Combo!F2,MoveData!B:B,MoveData!I:I),_xlfn.XLOOKUP(Combo!G2,MoveData!B:B,MoveData!I:I)) -> 76 | F2: =C2/E2 -> 0.39473684 | G2: =D2/E2 -> 0.013157895 | H2: 0 | I2: 71 | J2: 1
A3: COMBO_DRAW_CHARGE | B3: =Combo!B3 -> 拔刀三蓄 | C3: =SUM(_xlfn.XLOOKUP(Combo!C3,MoveData!B:B,MoveData!G:G),_xlfn.XLOOKUP(Combo!D3,MoveData!B:B,MoveData!G:G),_xlfn.XLOOKUP(Combo!E3,MoveData!B:B,MoveData!G:G),_xlfn.XLOOKUP(Combo!F3,MoveData!B:B,MoveData!G:G),_xlfn.XLOOKUP(Combo!G3,MoveData!B:B,MoveData!G:G)) -> 110 | D3: =SUM(_xlfn.XLOOKUP(Combo!C3,MoveData!B:B,MoveData!H:H),_xlfn.XLOOKUP(Combo!D3,MoveData!B:B,MoveData!H:H),_xlfn.XLOOKUP(Combo!E3,MoveData!B:B,MoveData!H:H),_xlfn.XLOOKUP(Combo!F3,MoveData!B:B,MoveData!H:H),_xlfn.XLOOKUP(Combo!G3,MoveData!B:B,MoveData!H:H)) -> 1.5 | E3: =SUM(_xlfn.XLOOKUP(Combo!C3,MoveData!B:B,MoveData!I:I),_xlfn.XLOOKUP(Combo!D3,MoveData!B:B,MoveData!I:I),_xlfn.XLOOKUP(Combo!E3,MoveData!B:B,MoveData!I:I),_xlfn.XLOOKUP(Combo!F3,MoveData!B:B,MoveData!I:I),_xlfn.XLOOKUP(Combo!G3,MoveData!B:B,MoveData!I:I)) -> 154 | F3: =C3/E3 -> 0.71428571 | G3: =D3/E3 -> 0.0097402597 | H3: 1 | I3: 71 | J3: 1
A4: COMBO_DRAW_STRONG | B4: =Combo!B4 -> 拔刀三蓄+强蓄 | C4: =SUM(_xlfn.XLOOKUP(Combo!C4,MoveData!B:B,MoveData!G:G),_xlfn.XLOOKUP(Combo!D4,MoveData!B:B,MoveData!G:G),_xlfn.XLOOKUP(Combo!E4,MoveData!B:B,MoveData!G:G),_xlfn.XLOOKUP(Combo!F4,MoveData!B:B,MoveData!G:G),_xlfn.XLOOKUP(Combo!G4,MoveData!B:B,MoveData!G:G)) -> 241 | D4: =SUM(_xlfn.XLOOKUP(Combo!C4,MoveData!B:B,MoveData!H:H),_xlfn.XLOOKUP(Combo!D4,MoveData!B:B,MoveData!H:H),_xlfn.XLOOKUP(Combo!E4,MoveData!B:B,MoveData!H:H),_xlfn.XLOOKUP(Combo!F4,MoveData!B:B,MoveData!H:H),_xlfn.XLOOKUP(Combo!G4,MoveData!B:B,MoveData!H:H)) -> 3.2 | E4: =SUM(_xlfn.XLOOKUP(Combo!C4,MoveData!B:B,MoveData!I:I),_xlfn.XLOOKUP(Combo!D4,MoveData!B:B,MoveData!I:I),_xlfn.XLOOKUP(Combo!E4,MoveData!B:B,MoveData!I:I),_xlfn.XLOOKUP(Combo!F4,MoveData!B:B,MoveData!I:I),_xlfn.XLOOKUP(Combo!G4,MoveData!B:B,MoveData!I:I)) -> 271 | F4: =C4/E4 -> 0.88929889 | G4: =D4/E4 -> 0.011808118 | H4: 2 | I4: 71 | J4: 1
A5: COMBO_DRAW_STRONG_SWEEP | B5: =Combo!B5 -> 拔刀三蓄+强蓄+强横 | C5: =SUM(_xlfn.XLOOKUP(Combo!C5,MoveData!B:B,MoveData!G:G),_xlfn.XLOOKUP(Combo!D5,MoveData!B:B,MoveData!G:G),_xlfn.XLOOKUP(Combo!E5,MoveData!B:B,MoveData!G:G),_xlfn.XLOOKUP(Combo!F5,MoveData!B:B,MoveData!G:G),_xlfn.XLOOKUP(Combo!G5,MoveData!B:B,MoveData!G:G)) -> 319 | D5: =SUM(_xlfn.XLOOKUP(Combo!C5,MoveData!B:B,MoveData!H:H),_xlfn.XLOOKUP(Combo!D5,MoveData!B:B,MoveData!H:H),_xlfn.XLOOKUP(Combo!E5,MoveData!B:B,MoveData!H:H),_xlfn.XLOOKUP(Combo!F5,MoveData!B:B,MoveData!H:H),_xlfn.XLOOKUP(Combo!G5,MoveData!B:B,MoveData!H:H)) -> 4.7 | E5: =SUM(_xlfn.XLOOKUP(Combo!C5,MoveData!B:B,MoveData!I:I),_xlfn.XLOOKUP(Combo!D5,MoveData!B:B,MoveData!I:I),_xlfn.XLOOKUP(Combo!E5,MoveData!B:B,MoveData!I:I),_xlfn.XLOOKUP(Combo!F5,MoveData!B:B,MoveData!I:I),_xlfn.XLOOKUP(Combo!G5,MoveData!B:B,MoveData!I:I)) -> 368 | F5: =C5/E5 -> 0.86684783 | G5: =D5/E5 -> 0.012771739 | H5: 2 | I5: 71 | J5: 1
A6: COMBO_FULL_CHARGE | B6: =Combo!B6 -> 完整蓄力连段 | C6: =SUM(_xlfn.XLOOKUP(Combo!C6,MoveData!B:B,MoveData!G:G),_xlfn.XLOOKUP(Combo!D6,MoveData!B:B,MoveData!G:G),_xlfn.XLOOKUP(Combo!E6,MoveData!B:B,MoveData!G:G),_xlfn.XLOOKUP(Combo!F6,MoveData!B:B,MoveData!G:G),_xlfn.XLOOKUP(Combo!G6,MoveData!B:B,MoveData!G:G)) -> 527 | D6: =SUM(_xlfn.XLOOKUP(Combo!C6,MoveData!B:B,MoveData!H:H),_xlfn.XLOOKUP(Combo!D6,MoveData!B:B,MoveData!H:H),_xlfn.XLOOKUP(Combo!E6,MoveData!B:B,MoveData!H:H),_xlfn.XLOOKUP(Combo!F6,MoveData!B:B,MoveData!H:H),_xlfn.XLOOKUP(Combo!G6,MoveData!B:B,MoveData!H:H)) -> 6 | E6: =SUM(_xlfn.XLOOKUP(Combo!C6,MoveData!B:B,MoveData!I:I),_xlfn.XLOOKUP(Combo!D6,MoveData!B:B,MoveData!I:I),_xlfn.XLOOKUP(Combo!E6,MoveData!B:B,MoveData!I:I),_xlfn.XLOOKUP(Combo!F6,MoveData!B:B,MoveData!I:I),_xlfn.XLOOKUP(Combo!G6,MoveData!B:B,MoveData!I:I)) -> 467 | F6: =C6/E6 -> 1.1284797 | G6: =D6/E6 -> 0.012847966 | H6: 3 | I6: 71 | J6: 1
A7: COMBO_SLINGER_TCS | B7: =Combo!B7 -> 直斩投射器真蓄 | C7: =SUM(_xlfn.XLOOKUP(Combo!C7,MoveData!B:B,MoveData!G:G),_xlfn.XLOOKUP(Combo!D7,MoveData!B:B,MoveData!G:G),_xlfn.XLOOKUP(Combo!E7,MoveData!B:B,MoveData!G:G),_xlfn.XLOOKUP(Combo!F7,MoveData!B:B,MoveData!G:G),_xlfn.XLOOKUP(Combo!G7,MoveData!B:B,MoveData!G:G)) -> 316 | D7: =SUM(_xlfn.XLOOKUP(Combo!C7,MoveData!B:B,MoveData!H:H),_xlfn.XLOOKUP(Combo!D7,MoveData!B:B,MoveData!H:H),_xlfn.XLOOKUP(Combo!E7,MoveData!B:B,MoveData!H:H),_xlfn.XLOOKUP(Combo!F7,MoveData!B:B,MoveData!H:H),_xlfn.XLOOKUP(Combo!G7,MoveData!B:B,MoveData!H:H)) -> 3.8 | E7: =SUM(_xlfn.XLOOKUP(Combo!C7,MoveData!B:B,MoveData!I:I),_xlfn.XLOOKUP(Combo!D7,MoveData!B:B,MoveData!I:I),_xlfn.XLOOKUP(Combo!E7,MoveData!B:B,MoveData!I:I),_xlfn.XLOOKUP(Combo!F7,MoveData!B:B,MoveData!I:I),_xlfn.XLOOKUP(Combo!G7,MoveData!B:B,MoveData!I:I)) -> 298 | F7: =C7/E7 -> 1.0604027 | G7: =D7/E7 -> 0.012751678 | H7: 1 | I7: 71 | J7: 1
A8: COMBO_CHARGE_SLINGER_TCS | B8: =Combo!B8 -> 三蓄投射器真蓄 | C8: =SUM(_xlfn.XLOOKUP(Combo!C8,MoveData!B:B,MoveData!G:G),_xlfn.XLOOKUP(Combo!D8,MoveData!B:B,MoveData!G:G),_xlfn.XLOOKUP(Combo!E8,MoveData!B:B,MoveData!G:G),_xlfn.XLOOKUP(Combo!F8,MoveData!B:B,MoveData!G:G),_xlfn.XLOOKUP(Combo!G8,MoveData!B:B,MoveData!G:G)) -> 396 | D8: =SUM(_xlfn.XLOOKUP(Combo!C8,MoveData!B:B,MoveData!H:H),_xlfn.XLOOKUP(Combo!D8,MoveData!B:B,MoveData!H:H),_xlfn.XLOOKUP(Combo!E8,MoveData!B:B,MoveData!H:H),_xlfn.XLOOKUP(Combo!F8,MoveData!B:B,MoveData!H:H),_xlfn.XLOOKUP(Combo!G8,MoveData!B:B,MoveData!H:H)) -> 4.3 | E8: =SUM(_xlfn.XLOOKUP(Combo!C8,MoveData!B:B,MoveData!I:I),_xlfn.XLOOKUP(Combo!D8,MoveData!B:B,MoveData!I:I),_xlfn.XLOOKUP(Combo!E8,MoveData!B:B,MoveData!I:I),_xlfn.XLOOKUP(Combo!F8,MoveData!B:B,MoveData!I:I),_xlfn.XLOOKUP(Combo!G8,MoveData!B:B,MoveData!I:I)) -> 376 | F8: =C8/E8 -> 1.0531915 | G8: =D8/E8 -> 0.01143617 | H8: 2 | I8: 71 | J8: 1
A9: COMBO_ROLL_SLINGER_TCS | B9: =Combo!B9 -> 回避投射器真蓄 | C9: =SUM(_xlfn.XLOOKUP(Combo!C9,MoveData!B:B,MoveData!G:G),_xlfn.XLOOKUP(Combo!D9,MoveData!B:B,MoveData!G:G),_xlfn.XLOOKUP(Combo!E9,MoveData!B:B,MoveData!G:G),_xlfn.XLOOKUP(Combo!F9,MoveData!B:B,MoveData!G:G),_xlfn.XLOOKUP(Combo!G9,MoveData!B:B,MoveData!G:G)) -> 286 | D9: =SUM(_xlfn.XLOOKUP(Combo!C9,MoveData!B:B,MoveData!H:H),_xlfn.XLOOKUP(Combo!D9,MoveData!B:B,MoveData!H:H),_xlfn.XLOOKUP(Combo!E9,MoveData!B:B,MoveData!H:H),_xlfn.XLOOKUP(Combo!F9,MoveData!B:B,MoveData!H:H),_xlfn.XLOOKUP(Combo!G9,MoveData!B:B,MoveData!H:H)) -> 2.8 | E9: =SUM(_xlfn.XLOOKUP(Combo!C9,MoveData!B:B,MoveData!I:I),_xlfn.XLOOKUP(Combo!D9,MoveData!B:B,MoveData!I:I),_xlfn.XLOOKUP(Combo!E9,MoveData!B:B,MoveData!I:I),_xlfn.XLOOKUP(Combo!F9,MoveData!B:B,MoveData!I:I),_xlfn.XLOOKUP(Combo!G9,MoveData!B:B,MoveData!I:I)) -> 286 | F9: =C9/E9 -> 1 | G9: =D9/E9 -> 0.0097902098 | H9: 1 | I9: 71 | J9: 1

Sheet Skills
A1: key | B1: skill | C1: level | D1: level_max | E1: coverage_key | F1: include_in_recommend | G1: ATK_plus | H1: ATK_multi | I1: CRT_plus | J1: CD | K1: WEX_raw_CRT | L1: WEX_soft_CRT | M1: focus_reduce_pct | N1: sheathe_reduce_frames | O1: ELE_plus | P1: ELE_multi | Q1: status_plus | R1: status_multi | S1: action_multi | T1: sharpness_effect | U1: condition_note
A2: =B2&"|"&C2 -> 攻击|0 | B2: 攻击 | C2: 0 | D2: 7 | E2: always | F2: TRUE | G2: 0 | H2: 1 | I2: 0 | J2: 1.25 | K2: 0 | L2: 0 | M2: 0 | N2: 0 | O2: 0 | P2: 1 | Q2: 0 | R2: 1 | S2: 1 | T2: 0
A3: =B3&"|"&C3 -> 攻击|1 | B3: 攻击 | C3: 1 | D3: 7 | E3: always | F3: TRUE | G3: 3 | H3: 1 | I3: 0 | J3: 1.25 | K3: 0 | L3: 0 | M3: 0 | N3: 0 | O3: 0 | P3: 1 | Q3: 0 | R3: 1 | S3: 1 | T3: 0 | U3: 无条件
A4: =B4&"|"&C4 -> 攻击|2 | B4: 攻击 | C4: 2 | D4: 7 | E4: always | F4: TRUE | G4: 6 | H4: 1 | I4: 0 | J4: 1.25 | K4: 0 | L4: 0 | M4: 0 | N4: 0 | O4: 0 | P4: 1 | Q4: 0 | R4: 1 | S4: 1 | T4: 0 | U4: 无条件
A5: =B5&"|"&C5 -> 攻击|3 | B5: 攻击 | C5: 3 | D5: 7 | E5: always | F5: TRUE | G5: 9 | H5: 1 | I5: 0 | J5: 1.25 | K5: 0 | L5: 0 | M5: 0 | N5: 0 | O5: 0 | P5: 1 | Q5: 0 | R5: 1 | S5: 1 | T5: 0 | U5: 无条件
A6: =B6&"|"&C6 -> 攻击|4 | B6: 攻击 | C6: 4 | D6: 7 | E6: always | F6: TRUE | G6: 12 | H6: 1 | I6: 0.05 | J6: 1.25 | K6: 0 | L6: 0 | M6: 0 | N6: 0 | O6: 0 | P6: 1 | Q6: 0 | R6: 1 | S6: 1 | T6: 0 | U6: L4 起附带会心
A7: =B7&"|"&C7 -> 攻击|5 | B7: 攻击 | C7: 5 | D7: 7 | E7: always | F7: TRUE | G7: 15 | H7: 1 | I7: 0.05 | J7: 1.25 | K7: 0 | L7: 0 | M7: 0 | N7: 0 | O7: 0 | P7: 1 | Q7: 0 | R7: 1 | S7: 1 | T7: 0 | U7: 同上
A8: =B8&"|"&C8 -> 攻击|6 | B8: 攻击 | C8: 6 | D8: 7 | E8: always | F8: TRUE | G8: 18 | H8: 1 | I8: 0.05 | J8: 1.25 | K8: 0 | L8: 0 | M8: 0 | N8: 0 | O8: 0 | P8: 1 | Q8: 0 | R8: 1 | S8: 1 | T8: 0 | U8: 同上
A9: =B9&"|"&C9 -> 攻击|7 | B9: 攻击 | C9: 7 | D9: 7 | E9: always | F9: TRUE | G9: 21 | H9: 1 | I9: 0.05 | J9: 1.25 | K9: 0 | L9: 0 | M9: 0 | N9: 0 | O9: 0 | P9: 1 | Q9: 0 | R9: 1 | S9: 1 | T9: 0 | U9: 同上
A10: =B10&"|"&C10 -> 看破|0 | B10: 看破 | C10: 0 | D10: 7 | E10: always | F10: TRUE | G10: 0 | H10: 1 | I10: 0 | J10: 1.25 | K10: 0 | L10: 0 | M10: 0 | N10: 0 | O10: 0 | P10: 1 | Q10: 0 | R10: 1 | S10: 1 | T10: 0
A11: =B11&"|"&C11 -> 看破|1 | B11: 看破 | C11: 1 | D11: 7 | E11: always | F11: TRUE | G11: 0 | H11: 1 | I11: 0.05 | J11: 1.25 | K11: 0 | L11: 0 | M11: 0 | N11: 0 | O11: 0 | P11: 1 | Q11: 0 | R11: 1 | S11: 1 | T11: 0 | U11: 无条件
A12: =B12&"|"&C12 -> 看破|2 | B12: 看破 | C12: 2 | D12: 7 | E12: always | F12: TRUE | G12: 0 | H12: 1 | I12: 0.1 | J12: 1.25 | K12: 0 | L12: 0 | M12: 0 | N12: 0 | O12: 0 | P12: 1 | Q12: 0 | R12: 1 | S12: 1 | T12: 0 | U12: 无条件
A13: =B13&"|"&C13 -> 看破|3 | B13: 看破 | C13: 3 | D13: 7 | E13: always | F13: TRUE | G13: 0 | H13: 1 | I13: 0.15 | J13: 1.25 | K13: 0 | L13: 0 | M13: 0 | N13: 0 | O13: 0 | P13: 1 | Q13: 0 | R13: 1 | S13: 1 | T13: 0 | U13: 无条件
A14: =B14&"|"&C14 -> 看破|4 | B14: 看破 | C14: 4 | D14: 7 | E14: always | F14: TRUE | G14: 0 | H14: 1 | I14: 0.2 | J14: 1.25 | K14: 0 | L14: 0 | M14: 0 | N14: 0 | O14: 0 | P14: 1 | Q14: 0 | R14: 1 | S14: 1 | T14: 0 | U14: 无条件
A15: =B15&"|"&C15 -> 看破|5 | B15: 看破 | C15: 5 | D15: 7 | E15: always | F15: TRUE | G15: 0 | H15: 1 | I15: 0.25 | J15: 1.25 | K15: 0 | L15: 0 | M15: 0 | N15: 0 | O15: 0 | P15: 1 | Q15: 0 | R15: 1 | S15: 1 | T15: 0 | U15: 无条件
A16: =B16&"|"&C16 -> 看破|6 | B16: 看破 | C16: 6 | D16: 7 | E16: always | F16: TRUE | G16: 0 | H16: 1 | I16: 0.3 | J16: 1.25 | K16: 0 | L16: 0 | M16: 0 | N16: 0 | O16: 0 | P16: 1 | Q16: 0 | R16: 1 | S16: 1 | T16: 0 | U16: 无条件
A17: =B17&"|"&C17 -> 看破|7 | B17: 看破 | C17: 7 | D17: 7 | E17: always | F17: TRUE | G17: 0 | H17: 1 | I17: 0.4 | J17: 1.25 | K17: 0 | L17: 0 | M17: 0 | N17: 0 | O17: 0 | P17: 1 | Q17: 0 | R17: 1 | S17: 1 | T17: 0 | U17: 无条件
A18: =B18&"|"&C18 -> 超会心|0 | B18: 超会心 | C18: 0 | D18: 3 | E18: always | F18: TRUE | G18: 0 | H18: 1 | I18: 0 | J18: 1.25 | K18: 0 | L18: 0 | M18: 0 | N18: 0 | O18: 0 | P18: 1 | Q18: 0 | R18: 1 | S18: 1 | T18: 0
A19: =B19&"|"&C19 -> 超会心|1 | B19: 超会心 | C19: 1 | D19: 3 | E19: always | F19: TRUE | G19: 0 | H19: 1 | I19: 0 | J19: 1.3 | K19: 0 | L19: 0 | M19: 0 | N19: 0 | O19: 0 | P19: 1 | Q19: 0 | R19: 1 | S19: 1 | T19: 0 | U19: 会心时物理伤害倍率；基线 CD=1.25
A20: =B20&"|"&C20 -> 超会心|2 | B20: 超会心 | C20: 2 | D20: 3 | E20: always | F20: TRUE | G20: 0 | H20: 1 | I20: 0 | J20: 1.35 | K20: 0 | L20: 0 | M20: 0 | N20: 0 | O20: 0 | P20: 1 | Q20: 0 | R20: 1 | S20: 1 | T20: 0 | U20: 同上
A21: =B21&"|"&C21 -> 超会心|3 | B21: 超会心 | C21: 3 | D21: 3 | E21: always | F21: TRUE | G21: 0 | H21: 1 | I21: 0 | J21: 1.4 | K21: 0 | L21: 0 | M21: 0 | N21: 0 | O21: 0 | P21: 1 | Q21: 0 | R21: 1 | S21: 1 | T21: 0 | U21: 同上
A22: =B22&"|"&C22 -> 弱点特效|0 | B22: 弱点特效 | C22: 0 | D22: 3 | E22: wex | F22: TRUE | G22: 0 | H22: 1 | I22: 0 | J22: 1.25 | K22: 0 | L22: 0 | M22: 0 | N22: 0 | O22: 0 | P22: 1 | Q22: 0 | R22: 1 | S22: 1 | T22: 0
A23: =B23&"|"&C23 -> 弱点特效|1 | B23: 弱点特效 | C23: 1 | D23: 3 | E23: wex | F23: TRUE | G23: 0 | H23: 1 | I23: 0 | J23: 1.25 | K23: 0.1 | L23: 0.15 | M23: 0 | N23: 0 | O23: 0 | P23: 1 | Q23: 0 | R23: 1 | S23: 1 | T23: 0 | U23: 有效部位 +10%；受伤再 +5%
A24: =B24&"|"&C24 -> 弱点特效|2 | B24: 弱点特效 | C24: 2 | D24: 3 | E24: wex | F24: TRUE | G24: 0 | H24: 1 | I24: 0 | J24: 1.25 | K24: 0.15 | L24: 0.3 | M24: 0 | N24: 0 | O24: 0 | P24: 1 | Q24: 0 | R24: 1 | S24: 1 | T24: 0 | U24: 有效部位 +15%；受伤再 +15%
A25: =B25&"|"&C25 -> 弱点特效|3 | B25: 弱点特效 | C25: 3 | D25: 3 | E25: wex | F25: TRUE | G25: 0 | H25: 1 | I25: 0 | J25: 1.25 | K25: 0.3 | L25: 0.5 | M25: 0 | N25: 0 | O25: 0 | P25: 1 | Q25: 0 | R25: 1 | S25: 1 | T25: 0 | U25: 有效部位 +30%；受伤再 +20%
A26: =B26&"|"&C26 -> 挑战者|0 | B26: 挑战者 | C26: 0 | D26: 7 | E26: agitator | F26: TRUE | G26: 0 | H26: 1 | I26: 0 | J26: 1.25 | K26: 0 | L26: 0 | M26: 0 | N26: 0 | O26: 0 | P26: 1 | Q26: 0 | R26: 1 | S26: 1 | T26: 0
A27: =B27&"|"&C27 -> 挑战者|1 | B27: 挑战者 | C27: 1 | D27: 7 | E27: agitator | F27: TRUE | G27: 4 | H27: 1 | I27: 0.05 | J27: 1.25 | K27: 0 | L27: 0 | M27: 0 | N27: 0 | O27: 0 | P27: 1 | Q27: 0 | R27: 1 | S27: 1 | T27: 0 | U27: 怪物愤怒时
A28: =B28&"|"&C28 -> 挑战者|2 | B28: 挑战者 | C28: 2 | D28: 7 | E28: agitator | F28: TRUE | G28: 8 | H28: 1 | I28: 0.05 | J28: 1.25 | K28: 0 | L28: 0 | M28: 0 | N28: 0 | O28: 0 | P28: 1 | Q28: 0 | R28: 1 | S28: 1 | T28: 0 | U28: 怪物愤怒时
A29: =B29&"|"&C29 -> 挑战者|3 | B29: 挑战者 | C29: 3 | D29: 7 | E29: agitator | F29: TRUE | G29: 12 | H29: 1 | I29: 0.07 | J29: 1.25 | K29: 0 | L29: 0 | M29: 0 | N29: 0 | O29: 0 | P29: 1 | Q29: 0 | R29: 1 | S29: 1 | T29: 0 | U29: 怪物愤怒时
A30: =B30&"|"&C30 -> 挑战者|4 | B30: 挑战者 | C30: 4 | D30: 7 | E30: agitator | F30: TRUE | G30: 16 | H30: 1 | I30: 0.07 | J30: 1.25 | K30: 0 | L30: 0 | M30: 0 | N30: 0 | O30: 0 | P30: 1 | Q30: 0 | R30: 1 | S30: 1 | T30: 0 | U30: 怪物愤怒时
A31: =B31&"|"&C31 -> 挑战者|5 | B31: 挑战者 | C31: 5 | D31: 7 | E31: agitator | F31: TRUE | G31: 20 | H31: 1 | I31: 0.1 | J31: 1.25 | K31: 0 | L31: 0 | M31: 0 | N31: 0 | O31: 0 | P31: 1 | Q31: 0 | R31: 1 | S31: 1 | T31: 0 | U31: 怪物愤怒时
A32: =B32&"|"&C32 -> 挑战者|6 | B32: 挑战者 | C32: 6 | D32: 7 | E32: agitator | F32: TRUE | G32: 24 | H32: 1 | I32: 0.15 | J32: 1.25 | K32: 0 | L32: 0 | M32: 0 | N32: 0 | O32: 0 | P32: 1 | Q32: 0 | R32: 1 | S32: 1 | T32: 0 | U32: 怪物愤怒时
A33: =B33&"|"&C33 -> 挑战者|7 | B33: 挑战者 | C33: 7 | D33: 7 | E33: agitator | F33: TRUE | G33: 28 | H33: 1 | I33: 0.2 | J33: 1.25 | K33: 0 | L33: 0 | M33: 0 | N33: 0 | O33: 0 | P33: 1 | Q33: 0 | R33: 1 | S33: 1 | T33: 0 | U33: 怪物愤怒时
A34: =B34&"|"&C34 -> 无伤|0 | B34: 无伤 | C34: 0 | D34: 3 | E34: peak | F34: TRUE | G34: 0 | H34: 1 | I34: 0 | J34: 1.25 | K34: 0 | L34: 0 | M34: 0 | N34: 0 | O34: 0 | P34: 1 | Q34: 0 | R34: 1 | S34: 1 | T34: 0
A35: =B35&"|"&C35 -> 无伤|1 | B35: 无伤 | C35: 1 | D35: 3 | E35: peak | F35: TRUE | G35: 5 | H35: 1 | I35: 0 | J35: 1.25 | K35: 0 | L35: 0 | M35: 0 | N35: 0 | O35: 0 | P35: 1 | Q35: 0 | R35: 1 | S35: 1 | T35: 0 | U35: 满血时
A36: =B36&"|"&C36 -> 无伤|2 | B36: 无伤 | C36: 2 | D36: 3 | E36: peak | F36: TRUE | G36: 10 | H36: 1 | I36: 0 | J36: 1.25 | K36: 0 | L36: 0 | M36: 0 | N36: 0 | O36: 0 | P36: 1 | Q36: 0 | R36: 1 | S36: 1 | T36: 0 | U36: 满血时
A37: =B37&"|"&C37 -> 无伤|3 | B37: 无伤 | C37: 3 | D37: 3 | E37: peak | F37: TRUE | G37: 20 | H37: 1 | I37: 0 | J37: 1.25 | K37: 0 | L37: 0 | M37: 0 | N37: 0 | O37: 0 | P37: 1 | Q37: 0 | R37: 1 | S37: 1 | T37: 0 | U37: 满血时
A38: =B38&"|"&C38 -> 怨恨|0 | B38: 怨恨 | C38: 0 | D38: 5 | E38: resentment | F38: TRUE | G38: 0 | H38: 1 | I38: 0 | J38: 1.25 | K38: 0 | L38: 0 | M38: 0 | N38: 0 | O38: 0 | P38: 1 | Q38: 0 | R38: 1 | S38: 1 | T38: 0 | U38: 有红血槽时
A39: =B39&"|"&C39 -> 怨恨|1 | B39: 怨恨 | C39: 1 | D39: 5 | E39: resentment | F39: TRUE | G39: 5 | H39: 1 | I39: 0 | J39: 1.25 | K39: 0 | L39: 0 | M39: 0 | N39: 0 | O39: 0 | P39: 1 | Q39: 0 | R39: 1 | S39: 1 | T39: 0 | U39: 有红血槽时
A40: =B40&"|"&C40 -> 怨恨|2 | B40: 怨恨 | C40: 2 | D40: 5 | E40: resentment | F40: TRUE | G40: 10 | H40: 1 | I40: 0 | J40: 1.25 | K40: 0 | L40: 0 | M40: 0 | N40: 0 | O40: 0 | P40: 1 | Q40: 0 | R40: 1 | S40: 1 | T40: 0 | U40: 有红血槽时
A41: =B41&"|"&C41 -> 怨恨|3 | B41: 怨恨 | C41: 3 | D41: 5 | E41: resentment | F41: TRUE | G41: 15 | H41: 1 | I41: 0 | J41: 1.25 | K41: 0 | L41: 0 | M41: 0 | N41: 0 | O41: 0 | P41: 1 | Q41: 0 | R41: 1 | S41: 1 | T41: 0 | U41: 有红血槽时
A42: =B42&"|"&C42 -> 怨恨|4 | B42: 怨恨 | C42: 4 | D42: 5 | E42: resentment | F42: TRUE | G42: 20 | H42: 1 | I42: 0 | J42: 1.25 | K42: 0 | L42: 0 | M42: 0 | N42: 0 | O42: 0 | P42: 1 | Q42: 0 | R42: 1 | S42: 1 | T42: 0 | U42: 有红血槽时
A43: =B43&"|"&C43 -> 怨恨|5 | B43: 怨恨 | C43: 5 | D43: 5 | E43: resentment | F43: TRUE | G43: 25 | H43: 1 | I43: 0 | J43: 1.25 | K43: 0 | L43: 0 | M43: 0 | N43: 0 | O43: 0 | P43: 1 | Q43: 0 | R43: 1 | S43: 1 | T43: 0 | U43: 有红血槽时
A44: =B44&"|"&C44 -> 力量解放|0 | B44: 力量解放 | C44: 0 | D44: 7 | E44: latent_power | F44: TRUE | G44: 0 | H44: 1 | I44: 0 | J44: 1.25 | K44: 0 | L44: 0 | M44: 0 | N44: 0 | O44: 0 | P44: 1 | Q44: 0 | R44: 1 | S44: 1 | T44: 0
A45: =B45&"|"&C45 -> 力量解放|1 | B45: 力量解放 | C45: 1 | D45: 7 | E45: latent_power | F45: TRUE | G45: 0 | H45: 1 | I45: 0.1 | J45: 1.25 | K45: 0 | L45: 0 | M45: 耐力消耗 -30% | N45: 0 | O45: 0 | P45: 1 | Q45: 0 | R45: 1 | S45: 1 | T45: 0 | U45: 技能发动时
A46: =B46&"|"&C46 -> 力量解放|2 | B46: 力量解放 | C46: 2 | D46: 7 | E46: latent_power | F46: TRUE | G46: 0 | H46: 1 | I46: 0.2 | J46: 1.25 | K46: 0 | L46: 0 | M46: 耐力消耗 -30% | N46: 0 | O46: 0 | P46: 1 | Q46: 0 | R46: 1 | S46: 1 | T46: 0 | U46: 技能发动时
A47: =B47&"|"&C47 -> 力量解放|3 | B47: 力量解放 | C47: 3 | D47: 7 | E47: latent_power | F47: TRUE | G47: 0 | H47: 1 | I47: 0.3 | J47: 1.25 | K47: 0 | L47: 0 | M47: 耐力消耗 -50% | N47: 0 | O47: 0 | P47: 1 | Q47: 0 | R47: 1 | S47: 1 | T47: 0 | U47: 技能发动时
A48: =B48&"|"&C48 -> 力量解放|4 | B48: 力量解放 | C48: 4 | D48: 7 | E48: latent_power | F48: TRUE | G48: 0 | H48: 1 | I48: 0.4 | J48: 1.25 | K48: 0 | L48: 0 | M48: 耐力消耗 -50% | N48: 0 | O48: 0 | P48: 1 | Q48: 0 | R48: 1 | S48: 1 | T48: 0 | U48: 技能发动时
A49: =B49&"|"&C49 -> 力量解放|5 | B49: 力量解放 | C49: 5 | D49: 7 | E49: latent_power | F49: TRUE | G49: 0 | H49: 1 | I49: 0.5 | J49: 1.25 | K49: 0 | L49: 0 | M49: 耐力消耗 -50% | N49: 0 | O49: 0 | P49: 1 | Q49: 0 | R49: 1 | S49: 1 | T49: 0 | U49: 技能发动时
A50: =B50&"|"&C50 -> 力量解放|6 | B50: 力量解放 | C50: 6 | D50: 7 | E50: latent_power | F50: TRUE | G50: 0 | H50: 1 | I50: 0.5 | J50: 1.25 | K50: 0 | L50: 0 | M50: 耐力消耗 -50% | N50: 0 | O50: 0 | P50: 1 | Q50: 0 | R50: 1 | S50: 1 | T50: 0 | U50: 更容易发动
A51: =B51&"|"&C51 -> 力量解放|7 | B51: 力量解放 | C51: 7 | D51: 7 | E51: latent_power | F51: TRUE | G51: 0 | H51: 1 | I51: 0.6 | J51: 1.25 | K51: 0 | L51: 0 | M51: 耐力消耗 -50% | N51: 0 | O51: 0 | P51: 1 | Q51: 0 | R51: 1 | S51: 1 | T51: 0 | U51: 更容易发动
A52: =B52&"|"&C52 -> 精神抖擞|0 | B52: 精神抖擞 | C52: 0 | D52: 5 | E52: max_might | F52: TRUE | G52: 0 | H52: 1 | I52: 0 | J52: 1.25 | K52: 0 | L52: 0 | M52: 0 | N52: 0 | O52: 0 | P52: 1 | Q52: 0 | R52: 1 | S52: 1 | T52: 0
A53: =B53&"|"&C53 -> 精神抖擞|1 | B53: 精神抖擞 | C53: 1 | D53: 5 | E53: max_might | F53: TRUE | G53: 0 | H53: 1 | I53: 0.1 | J53: 1.25 | K53: 0 | L53: 0 | M53: 0 | N53: 0 | O53: 0 | P53: 1 | Q53: 0 | R53: 1 | S53: 1 | T53: 0 | U53: 耐力满时
A54: =B54&"|"&C54 -> 精神抖擞|2 | B54: 精神抖擞 | C54: 2 | D54: 5 | E54: max_might | F54: TRUE | G54: 0 | H54: 1 | I54: 0.2 | J54: 1.25 | K54: 0 | L54: 0 | M54: 0 | N54: 0 | O54: 0 | P54: 1 | Q54: 0 | R54: 1 | S54: 1 | T54: 0 | U54: 耐力满时
A55: =B55&"|"&C55 -> 精神抖擞|3 | B55: 精神抖擞 | C55: 3 | D55: 5 | E55: max_might | F55: TRUE | G55: 0 | H55: 1 | I55: 0.3 | J55: 1.25 | K55: 0 | L55: 0 | M55: 0 | N55: 0 | O55: 0 | P55: 1 | Q55: 0 | R55: 1 | S55: 1 | T55: 0 | U55: 耐力满时
A56: =B56&"|"&C56 -> 精神抖擞|4 | B56: 精神抖擞 | C56: 4 | D56: 5 | E56: max_might | F56: TRUE | G56: 0 | H56: 1 | I56: 0.4 | J56: 1.25 | K56: 0 | L56: 0 | M56: 0 | N56: 0 | O56: 0 | P56: 1 | Q56: 0 | R56: 1 | S56: 1 | T56: 0 | U56: 耐力满时
A57: =B57&"|"&C57 -> 精神抖擞|5 | B57: 精神抖擞 | C57: 5 | D57: 5 | E57: max_might | F57: TRUE | G57: 0 | H57: 1 | I57: 0.4 | J57: 1.25 | K57: 0 | L57: 0 | M57: 0 | N57: 0 | O57: 0 | P57: 1 | Q57: 0 | R57: 1 | S57: 1 | T57: 0 | U57: 维持耐力全满时
A58: =B58&"|"&C58 -> 火场怪力|0 | B58: 火场怪力 | C58: 0 | D58: 7 | E58: heroics | F58: FALSE | G58: 0 | H58: 1 | I58: 0 | J58: 1.25 | K58: 0 | L58: 0 | M58: 0 | N58: 0 | O58: 0 | P58: 1 | Q58: 0 | R58: 1 | S58: 1 | T58: 0
A59: =B59&"|"&C59 -> 火场怪力|1 | B59: 火场怪力 | C59: 1 | D59: 7 | E59: heroics | F59: FALSE | G59: 0 | H59: 1 | I59: 0 | J59: 1.25 | K59: 0 | L59: 0 | M59: 0 | N59: 0 | O59: 0 | P59: 1 | Q59: 0 | R59: 1 | S59: 1 | T59: 0 | U59: 低血触发；L1 只有防御 +50
A60: =B60&"|"&C60 -> 火场怪力|2 | B60: 火场怪力 | C60: 2 | D60: 7 | E60: heroics | F60: FALSE | G60: 0 | H60: 1.05 | I60: 0 | J60: 1.25 | K60: 0 | L60: 0 | M60: 0 | N60: 0 | O60: 0 | P60: 1 | Q60: 0 | R60: 1 | S60: 1 | T60: 0 | U60: 低血触发
A61: =B61&"|"&C61 -> 火场怪力|3 | B61: 火场怪力 | C61: 3 | D61: 7 | E61: heroics | F61: FALSE | G61: 0 | H61: 1.05 | I61: 0 | J61: 1.25 | K61: 0 | L61: 0 | M61: 0 | N61: 0 | O61: 0 | P61: 1 | Q61: 0 | R61: 1 | S61: 1 | T61: 0 | U61: 低血触发
A62: =B62&"|"&C62 -> 火场怪力|4 | B62: 火场怪力 | C62: 4 | D62: 7 | E62: heroics | F62: FALSE | G62: 0 | H62: 1.1 | I62: 0 | J62: 1.25 | K62: 0 | L62: 0 | M62: 0 | N62: 0 | O62: 0 | P62: 1 | Q62: 0 | R62: 1 | S62: 1 | T62: 0 | U62: 低血触发
A63: =B63&"|"&C63 -> 火场怪力|5 | B63: 火场怪力 | C63: 5 | D63: 7 | E63: heroics | F63: FALSE | G63: 0 | H63: 1.15 | I63: 0 | J63: 1.25 | K63: 0 | L63: 0 | M63: 0 | N63: 0 | O63: 0 | P63: 1 | Q63: 0 | R63: 1 | S63: 1 | T63: 0 | U63: 低血触发
A64: =B64&"|"&C64 -> 火场怪力|6 | B64: 火场怪力 | C64: 6 | D64: 7 | E64: heroics | F64: FALSE | G64: 0 | H64: 1.25 | I64: 0 | J64: 1.25 | K64: 0 | L64: 0 | M64: 0 | N64: 0 | O64: 0 | P64: 1 | Q64: 0 | R64: 1 | S64: 1 | T64: 0 | U64: 低血触发
A65: =B65&"|"&C65 -> 火场怪力|7 | B65: 火场怪力 | C65: 7 | D65: 7 | E65: heroics | F65: FALSE | G65: 0 | H65: 1.4 | I65: 0 | J65: 1.25 | K65: 0 | L65: 0 | M65: 0 | N65: 0 | O65: 0 | P65: 1 | Q65: 0 | R65: 1 | S65: 1 | T65: 0 | U65: 低血触发；本作品集当前禁用
A66: =B66&"|"&C66 -> 不屈|0 | B66: 不屈 | C66: 0 | D66: 1 | E66: fortify | F66: FALSE | G66: 0 | H66: 1 | I66: 0 | J66: 1.25 | K66: 0 | L66: 0 | M66: 0 | N66: 0 | O66: 0 | P66: 1 | Q66: 0 | R66: 1 | S66: 1 | T66: 0
A67: =B67&"|"&C67 -> 不屈|1 | B67: 不屈 | C67: 1 | D67: 1 | E67: fortify | F67: FALSE | G67: 0 | H67: 1.1 | I67: 0 | J67: 1.25 | K67: 0 | L67: 0 | M67: 0 | N67: 0 | O67: 0 | P67: 1 | Q67: 0 | R67: 1 | S67: 1 | T67: 0 | U67: 力尽倒下后，攻击力 1.1 倍、防御力 1.15 倍
A68: =B68&"|"&C68 -> 攻击守势|0 | B68: 攻击守势 | C68: 0 | D68: 3 | E68: offensive_guard | F68: FALSE | G68: 0 | H68: 1 | I68: 0 | J68: 1.25 | K68: 0 | L68: 0 | M68: 0 | N68: 0 | O68: 0 | P68: 1 | Q68: 0 | R68: 1 | S68: 1 | T68: 0
A69: =B69&"|"&C69 -> 攻击守势|1 | B69: 攻击守势 | C69: 1 | D69: 3 | E69: offensive_guard | F69: FALSE | G69: 0 | H69: 1.05 | I69: 0 | J69: 1.25 | K69: 0 | L69: 0 | M69: 0 | N69: 0 | O69: 0 | P69: 1 | Q69: 0 | R69: 1 | S69: 1 | T69: 0 | U69: 精准防御后发动
A70: =B70&"|"&C70 -> 攻击守势|2 | B70: 攻击守势 | C70: 2 | D70: 3 | E70: offensive_guard | F70: FALSE | G70: 0 | H70: 1.1 | I70: 0 | J70: 1.25 | K70: 0 | L70: 0 | M70: 0 | N70: 0 | O70: 0 | P70: 1 | Q70: 0 | R70: 1 | S70: 1 | T70: 0 | U70: 精准防御后发动
A71: =B71&"|"&C71 -> 攻击守势|3 | B71: 攻击守势 | C71: 3 | D71: 3 | E71: offensive_guard | F71: FALSE | G71: 0 | H71: 1.15 | I71: 0 | J71: 1.25 | K71: 0 | L71: 0 | M71: 0 | N71: 0 | O71: 0 | P71: 1 | Q71: 0 | R71: 1 | S71: 1 | T71: 0 | U71: 精准防御后发动
A72: =B72&"|"&C72 -> 转祸为福|0 | B72: 转祸为福 | C72: 0 | D72: 3 | E72: coalescence | F72: TRUE | G72: 0 | H72: 1 | I72: 0 | J72: 1.25 | K72: 0 | L72: 0 | M72: 0 | N72: 0 | O72: 0 | P72: 1 | Q72: 0 | R72: 1 | S72: 1 | T72: 0
A73: =B73&"|"&C73 -> 转祸为福|1 | B73: 转祸为福 | C73: 1 | D73: 3 | E73: coalescence | F73: TRUE | G73: 12 | H73: 1 | I73: 0 | J73: 1.25 | K73: 0 | L73: 0 | M73: 0 | N73: 0 | O73: 30 | P73: 1 | Q73: 0 | R73: 1.05 | S73: 1 | T73: 0 | U73: 解除异常/属性异常后
A74: =B74&"|"&C74 -> 转祸为福|2 | B74: 转祸为福 | C74: 2 | D74: 3 | E74: coalescence | F74: TRUE | G74: 15 | H74: 1 | I74: 0 | J74: 1.25 | K74: 0 | L74: 0 | M74: 0 | N74: 0 | O74: 60 | P74: 1 | Q74: 0 | R74: 1.1 | S74: 1 | T74: 0 | U74: 解除异常/属性异常后
A75: =B75&"|"&C75 -> 转祸为福|3 | B75: 转祸为福 | C75: 3 | D75: 3 | E75: coalescence | F75: TRUE | G75: 18 | H75: 1 | I75: 0 | J75: 1.25 | K75: 0 | L75: 0 | M75: 0 | N75: 0 | O75: 90 | P75: 1 | Q75: 0 | R75: 1.15 | S75: 1 | T75: 0 | U75: 解除异常/属性异常后
A76: =B76&"|"&C76 -> 属性强化|0 | B76: 属性强化 | C76: 0 | D76: 6 | E76: always | F76: TRUE | G76: 0 | H76: 1 | I76: 0 | J76: 1.25 | K76: 0 | L76: 0 | M76: 0 | N76: 0 | O76: 0 | P76: 1 | Q76: 0 | R76: 1 | S76: 1 | T76: 0
A77: =B77&"|"&C77 -> 属性强化|1 | B77: 属性强化 | C77: 1 | D77: 6 | E77: always | F77: TRUE | G77: 0 | H77: 1 | I77: 0 | J77: 1.25 | K77: 0 | L77: 0 | M77: 0 | N77: 0 | O77: 30 | P77: 1 | Q77: 0 | R77: 1 | S77: 1 | T77: 0 | U77: 对应属性必须匹配
A78: =B78&"|"&C78 -> 属性强化|2 | B78: 属性强化 | C78: 2 | D78: 6 | E78: always | F78: TRUE | G78: 0 | H78: 1 | I78: 0 | J78: 1.25 | K78: 0 | L78: 0 | M78: 0 | N78: 0 | O78: 60 | P78: 1 | Q78: 0 | R78: 1 | S78: 1 | T78: 0 | U78: 对应属性必须匹配
A79: =B79&"|"&C79 -> 属性强化|3 | B79: 属性强化 | C79: 3 | D79: 6 | E79: always | F79: TRUE | G79: 0 | H79: 1 | I79: 0 | J79: 1.25 | K79: 0 | L79: 0 | M79: 0 | N79: 0 | O79: 100 | P79: 1 | Q79: 0 | R79: 1 | S79: 1 | T79: 0 | U79: 对应属性必须匹配
A80: =B80&"|"&C80 -> 属性强化|4 | B80: 属性强化 | C80: 4 | D80: 6 | E80: always | F80: TRUE | G80: 0 | H80: 1 | I80: 0 | J80: 1.25 | K80: 0 | L80: 0 | M80: 0 | N80: 0 | O80: 100 | P80: 1.05 | Q80: 0 | R80: 1 | S80: 1 | T80: 0 | U80: 先 +100，再 ×1.05
A81: =B81&"|"&C81 -> 属性强化|5 | B81: 属性强化 | C81: 5 | D81: 6 | E81: always | F81: TRUE | G81: 0 | H81: 1 | I81: 0 | J81: 1.25 | K81: 0 | L81: 0 | M81: 0 | N81: 0 | O81: 100 | P81: 1.1 | Q81: 0 | R81: 1 | S81: 1 | T81: 0 | U81: 先 +100，再 ×1.10
A82: =B82&"|"&C82 -> 属性强化|6 | B82: 属性强化 | C82: 6 | D82: 6 | E82: always | F82: TRUE | G82: 0 | H82: 1 | I82: 0 | J82: 1.25 | K82: 0 | L82: 0 | M82: 0 | N82: 0 | O82: 100 | P82: 1.2 | Q82: 0 | R82: 1 | S82: 1 | T82: 0 | U82: 先 +100，再 ×1.20
A83: =B83&"|"&C83 -> 集中|0 | B83: 集中 | C83: 0 | D83: 3 | E83: always | F83: TRUE | G83: 0 | H83: 1 | I83: 0 | J83: 1.25 | K83: 0 | L83: 0 | M83: 0 | N83: 0 | O83: 0 | P83: 1 | Q83: 0 | R83: 1 | S83: 1 | T83: 0
A84: =B84&"|"&C84 -> 集中|1 | B84: 集中 | C84: 1 | D84: 3 | E84: always | F84: TRUE | G84: 0 | H84: 1 | I84: 0 | J84: 1.25 | K84: 0 | L84: 0 | M84: 0.05 | N84: 0 | O84: 0 | P84: 1 | Q84: 0 | R84: 1 | S84: 1 | T84: 0 | U84: 官方百分比；作品集中实测等价每段 -3 帧
A85: =B85&"|"&C85 -> 集中|2 | B85: 集中 | C85: 2 | D85: 3 | E85: always | F85: TRUE | G85: 0 | H85: 1 | I85: 0 | J85: 1.25 | K85: 0 | L85: 0 | M85: 0.1 | N85: 0 | O85: 0 | P85: 1 | Q85: 0 | R85: 1 | S85: 1 | T85: 0 | U85: 实测每段 -7 帧
A86: =B86&"|"&C86 -> 集中|3 | B86: 集中 | C86: 3 | D86: 3 | E86: always | F86: TRUE | G86: 0 | H86: 1 | I86: 0 | J86: 1.25 | K86: 0 | L86: 0 | M86: 0.15 | N86: 0 | O86: 0 | P86: 1 | Q86: 0 | R86: 1 | S86: 1 | T86: 0 | U86: 实测每段 -10 帧
A87: =B87&"|"&C87 -> 纳刀术|0 | B87: 纳刀术 | C87: 0 | D87: 3 | E87: always | F87: TRUE | G87: 0 | H87: 1 | I87: 0 | J87: 1.25 | K87: 0 | L87: 0 | M87: 0 | N87: 0 | O87: 0 | P87: 1 | Q87: 0 | R87: 1 | S87: 1 | T87: 0
A88: =B88&"|"&C88 -> 纳刀术|1 | B88: 纳刀术 | C88: 1 | D88: 3 | E88: always | F88: TRUE | G88: 0 | H88: 1 | I88: 0 | J88: 1.25 | K88: 0 | L88: 0 | M88: 0 | N88: 1 | O88: 0 | P88: 1 | Q88: 0 | R88: 1 | S88: 1 | T88: 0 | U88: 影响循环 DPS，不影响单招伤害
A89: =B89&"|"&C89 -> 纳刀术|2 | B89: 纳刀术 | C89: 2 | D89: 3 | E89: always | F89: TRUE | G89: 0 | H89: 1 | I89: 0 | J89: 1.25 | K89: 0 | L89: 0 | M89: 0 | N89: 3 | O89: 0 | P89: 1 | Q89: 0 | R89: 1 | S89: 1 | T89: 0 | U89: 同上
A90: =B90&"|"&C90 -> 纳刀术|3 | B90: 纳刀术 | C90: 3 | D90: 3 | E90: always | F90: TRUE | G90: 0 | H90: 1 | I90: 0 | J90: 1.25 | K90: 0 | L90: 0 | M90: 0 | N90: 6 | O90: 0 | P90: 1 | Q90: 0 | R90: 1 | S90: 1 | T90: 0 | U90: 同上

Sheet Weapons
A1: weapon_id | B1: weapon_name | C1: weapon_type | D1: weapon_coef | E1: W_base | F1: Display_ATK | G1: weapon_crt | H1: ele_type | I1: weapon_ele | J1: sharpness | K1: S_phy | L1: S_ele | M1: 备注
A2: GS_001 | B2: 灭鬼凶器【断】 | C2: 大剑 | D2: 4.8 | E2: 280 | F2: =D2*E2 -> 1344 | G2: 0% | H2: 龙 | I2: 240 | J2: 白 | K2: 1.32 | L2: 1.15 | M2: 长白斩大剑
A3: GS_002 | B3: 煌黑大剑龙击 | C3: 大剑 | D3: 4.8 | E3: 280 | F3: =D3*E3 -> 1344 | G3: 0% | H3: 龙 | I3: 810 | J3: 紫 | K3: 1.39 | L3: 1.25 | M3: 高龙属性大剑
A4: GS_P1 | B4: 防卫队炎刃5 | C4: 大剑 | D4: 4.8 | E4: 220 | F4: =D4*E4 -> 1056 | G4: 0% | H4: 无 | I4: 0 | J4: 白 | K4: 1.32 | L4: 1.15 | M4: P1 新手档武器
A5: GS_P2 | B5: 黑龙玄刃 | C5: 大剑 | D5: 4.8 | E5: 340 | F5: =D5*E5 -> 1632 | G5: -30% | H5: 龙 | I5: 180 | J5: 紫 | K5: 1.39 | L5: 1.25 | M5: P2/P3 主模型武器
A6: DB_001 | B6: 残灭之爪【鬼】 | C6: 双刀 | D6: 1.4 | E6: 290 | F6: =D6*E6 -> 406 | G6: 0% | H6: 龙 | I6: 180 | J6: 白 | K6: 1.32 | L6: 1.15 | M6: 长白斩双刀，偏物理
A7: DB_002 | B7: 煌黑双剑烈狂 | C7: 双刀 | D7: 1.4 | E7: 280 | F7: =D7*E7 -> 392 | G7: 0% | H7: 龙 | I7: 480 | J7: 紫 | K7: 1.39 | L7: 1.25 | M7: 属性流双刀

Sheet Hitzone
A1: hitzone_id | B1: target | C1: state | D1: part | E1: H_cut | F1: H_dragon | G1: H_soft_cut | H1: weak_raw | I1: weak_soft | J1: Δ_soft% | K1: 备注
A2: TRAINING_POLE | B2: 训练场木桩 | C2: 固定 | D2: 木桩 | E2: 80 | F2: 30 | G2: =ROUNDDOWN(E2*0.75+25,0) -> 85 | H2: =IF(E2>=45,"Y","N") -> Y | I2: =IF(G2>=45,"Y","N") -> Y | J2: =G2/E2-1 -> 0.0625 | K2: 公式校验 / 4 武器对比
A3: RATH_HEAD | B3: 火龙 | C3: 通常 | D3: 头 | E3: 65 | F3: 30 | G3: =ROUNDDOWN(E3*0.75+25,0) -> 73 | H3: =IF(E3>=45,"Y","N") -> Y | I3: =IF(G3>=45,"Y","N") -> Y | J3: =G3/E3-1 -> 0.12307692 | K3: 最优输出点
A4: RATH_HEAD_RAGE | B4: 火龙 | C4: 愤怒 | D4: 头 | E4: 60 | F4: 30 | G4: =ROUNDDOWN(E4*0.75+25,0) -> 70 | H4: =IF(E4>=45,"Y","N") -> Y | I4: =IF(G4>=45,"Y","N") -> Y | J4: =G4/E4-1 -> 0.16666667 | K4: 怒后头部切断略降
A5: RATH_NECK | B5: 火龙 | C5: 通常 | D5: 颈 | E5: 35 | F5: 20 | G5: =ROUNDDOWN(E5*0.75+25,0) -> 51 | H5: =IF(E5>=45,"Y","N") -> N | I5: =IF(G5>=45,"Y","N") -> Y | J5: =G5/E5-1 -> 0.45714286 | K5: 软化后进入弱特区间
A6: RATH_NECK_RAGE | B6: 火龙 | C6: 愤怒 | D6: 颈 | E6: 35 | F6: 20 | G6: =ROUNDDOWN(E6*0.75+25,0) -> 51 | H6: =IF(E6>=45,"Y","N") -> N | I6: =IF(G6>=45,"Y","N") -> Y | J6: =G6/E6-1 -> 0.45714286 | K6: 怒后颈部打击略降
A7: RATH_BODY | B7: 火龙 | C7: 通常 | D7: 胴 | E7: 25 | F7: 20 | G7: =ROUNDDOWN(E7*0.75+25,0) -> 43 | H7: =IF(E7>=45,"Y","N") -> N | I7: =IF(G7>=45,"Y","N") -> N | J7: =G7/E7-1 -> 0.72 | K7: 软化后仍低于 45
A8: RATH_WING | B8: 火龙 | C8: 通常 | D8: 翼 | E8: 50 | F8: 25 | G8: =ROUNDDOWN(E8*0.75+25,0) -> 62 | H8: =IF(E8>=45,"Y","N") -> Y | I8: =IF(G8>=45,"Y","N") -> Y | J8: =G8/E8-1 -> 0.24 | K8: 弱特稳定触发
A9: RATH_WING_RAGE | B9: 火龙 | C9: 愤怒 | D9: 翼 | E9: 20 | F9: 25 | G9: =ROUNDDOWN(E9*0.75+25,0) -> 40 | H9: =IF(E9>=45,"Y","N") -> N | I9: =IF(G9>=45,"Y","N") -> N | J9: =G9/E9-1 -> 1 | K9: 翼部怒后弱特不触发
A10: RATH_LEG | B10: 火龙 | C10: 通常 | D10: 脚 | E10: 35 | F10: 15 | G10: =ROUNDDOWN(E10*0.75+25,0) -> 51 | H10: =IF(E10>=45,"Y","N") -> N | I10: =IF(G10>=45,"Y","N") -> Y | J10: =G10/E10-1 -> 0.45714286 | K10: 软化后进入弱特区间
A11: RATH_TAIL | B11: 火龙 | C11: 通常 | D11: 尾 | E11: 45 | F11: 20 | G11: =ROUNDDOWN(E11*0.75+25,0) -> 58 | H11: =IF(E11>=45,"Y","N") -> Y | I11: =IF(G11>=45,"Y","N") -> Y | J11: =G11/E11-1 -> 0.28888889 | K11: 临界弱特部位

Sheet Input
A1: 基础区
A2: weapon_id | B2: GS_P2
A3: combo_id | B3: COMBO_SLINGER_TCS
A4: hitzone_id | B4: TRAINING_POLE
A5: 是否软化 | B5: FALSE
A6: 刃中补正 | B6: 1.03
A8: Input 覆盖率区
A9: 弱特覆盖率 | B9: =C9/100 -> 0.6 | C9: 60
A10: 挑战者覆盖率 | B10: =C10/100 -> 0.75 | C10: 75
A11: 无伤覆盖率 | B11: =C11/100 -> 0.5 | C11: 50
A12: 怨恨覆盖率 | B12: =C12/100 -> 0.05 | C12: 5
A13: 力量解放覆盖率 | B13: =C13/100 -> 0.1 | C13: 10
A14: 精神抖擞覆盖率 | B14: =C14/100 -> 0.7 | C14: 70
A15: 火场怪力覆盖率 | B15: =C15/100 -> 0 | C15: 0
A16: 攻击守势覆盖率 | B16: =C16/100 -> 0 | C16: 0
A17: 转祸为福覆盖率 | B17: =C17/100 -> 0 | C17: 0
A19: Input Buff 区 | E19: Input 技能区
A20: 攻大猫饭 | B20: TRUE | E20: 攻击 | F20: 2
A21: 力量护符 | B21: TRUE | E21: 看破 | F21: 2
A22: 力量之爪 | B22: TRUE | E22: 弱点特效 | F22: 1
A23: 鬼人药 | B23: FALSE | E23: 超会心 | F23: 1
A24: 鬼人药G | B24: TRUE | E24: 挑战者 | F24: 3
A25: 怪力种子 | B25: TRUE | E25: 无伤 | F25: 1
A26: 鬼人粉尘 | B26: TRUE | E26: 怨恨 | F26: 0
A27: 短期催眠术 | B27: TRUE | E27: 集中 | F27: 0
E28: 属性强化 | F28: 0
E29: 力量解放 | F29: 0
E30: 精神抖擞 | F30: 0
E31: 纳刀术 | F31: 0

Sheet Calc_Current
A1: 武器数据 | B1: 当前值
A2: W_base | B2: =_xlfn.XLOOKUP(Input!$B$2,Weapons!$A:$A,Weapons!$E:$E) -> 340
A3: weapon_crt | B3: =_xlfn.XLOOKUP(Input!$B$2,Weapons!$A:$A,Weapons!$G:$G) -> -30%
A4: weapon_ele | B4: =_xlfn.XLOOKUP(Input!$B$2,Weapons!$A:$A,Weapons!$I:$I) -> 180
A5: S_phy | B5: =_xlfn.XLOOKUP(Input!$B$2,Weapons!$A:$A,Weapons!$K:$K) -> 1.39
A6: S_ele | B6: =_xlfn.XLOOKUP(Input!$B$2,Weapons!$A:$A,Weapons!$L:$L) -> 1.25
A8: 连段数据
A9: MV_total | B9: =_xlfn.XLOOKUP(Input!$B$3,Combo_Calc!$A:$A,Combo_Calc!$C:$C) -> 316
A10: MV_ele_total | B10: =_xlfn.XLOOKUP(Input!$B$3,Combo_Calc!$A:$A,Combo_Calc!$D:$D) -> 3.8
A11: frames_base | B11: =_xlfn.XLOOKUP(Input!$B$3,Combo_Calc!$A:$A,Combo_Calc!$E:$E) -> 298
A12: charge_count | B12: =_xlfn.XLOOKUP(Input!$B$3,Combo_Calc!$A:$A,Combo_Calc!$H:$H) -> 1
A13: charge_frame_per_charge | B13: =_xlfn.XLOOKUP(Input!$B$3,Combo_Calc!$A:$A,Combo_Calc!$I:$I) -> 71
A14: sheathe_count | B14: =_xlfn.XLOOKUP(Input!$B$3,Combo_Calc!$A:$A,Combo_Calc!$J:$J) -> 1
A16: 肉质数据
A17: H_cut | B17: =_xlfn.XLOOKUP(Input!$B$4,Hitzone!$A:$A,Hitzone!$E:$E) -> 80
A18: H_dragon | B18: =_xlfn.XLOOKUP(Input!$B$4,Hitzone!$A:$A,Hitzone!$F:$F) -> 30
A19: H_soft_cut | B19: =_xlfn.XLOOKUP(Input!$B$4,Hitzone!$A:$A,Hitzone!$G:$G) -> 85
A20: H_phys | B20: =IF(Input!$B$5,B19,B17) -> 80
A21: weak_ok | B21: =B20>=45 -> TRUE
A23: ATK
A24: buff_atk_plus | B24: =IF(Input!$B$20,15,0) +IF(Input!$B$21,6,0) +IF(Input!$B$22,9,0) +IF(Input!$B$23,5,0) +IF(Input!$B$24,7,0) +IF(Input!$B$25,10,0) +IF(Input!$B$26,10,0) +IF(Input!$B$27,9,0) -> 66
A25: skill_atk_plus | B25: =_xlfn.XLOOKUP("攻击|"&Input!$F$20,Skills!$A:$A,Skills!$G:$G,0) +_xlfn.XLOOKUP("挑战者|"&Input!$F$24,Skills!$A:$A,Skills!$G:$G,0)*Input!$B$10 +_xlfn.XLOOKUP("无伤|"&Input!$F$25,Skills!$A:$A,Skills!$G:$G,0)*Input!$B$11 +_xlfn.XLOOKUP("怨恨|"&Input!$F$26,Skills!$A:$A,Skills!$G:$G,0)*Input!$B$12 -> 17.5
A26: ATK_multi_eff | B26: =1 -> 1
A27: ATK_eff | B27: =(B2+B24+B25)*B26 -> 423.5
A29: 会心、CD、ECM
A30: CRT_plus | B30: =_xlfn.XLOOKUP("攻击|"&Input!$F$20,Skills!$A:$A,Skills!$I:$I,0) +_xlfn.XLOOKUP("看破|"&Input!$F$21,Skills!$A:$A,Skills!$I:$I,0) +IF(B21,IF(Input!$B$5,_xlfn.XLOOKUP("弱点特效|"&Input!$F$22,Skills!$A:$A,Skills!$L:$L,0),_xlfn.XLOOKUP("弱点特效|"&Input!$F$22,Skills!$A:$A,Skills!$K:$K,0))*Input!$B$9,0) +_xlfn.XLOOKUP("挑战者|"&Input!$F$24,Skills!$A:$A,Skills!$I:$I,0)*Input!$B$10 +_xlfn.XLOOKUP("力量解放|"&Input!$F$29,Skills!$A:$A,Skills!$I:$I,0)*Input!$B$13 +_xlfn.XLOOKUP("精神抖擞|"&Input!$F$30,Skills!$A:$A,Skills!$I:$I,0)*Input!$B$14 -> 0.2125
A31: CR_eff | B31: =B3+B30 -> -0.0875
A32: CR_eff_capped | B32: =MAX(-100%,MIN(100%,B31)) -> -0.0875
A33: CD | B33: =_xlfn.XLOOKUP("超会心|"&Input!$F$23,Skills!$A:$A,Skills!$J:$J,0) -> 1.3
A34: ECM | B34: =IF(B32>=0,1+B32*(B33-1),1+B32*0.25) -> 0.978125
A36: 集中 / 纳刀术有效帧数
A37: focus_reduce_per_charge | B37: =ROUNDDOWN(B13*_xlfn.XLOOKUP("集中|"&Input!$F$27,Skills!$A:$A,Skills!$M:$M,0),0) -> 0
A38: sheathe_reduce_per_sheathe | B38: =_xlfn.XLOOKUP("纳刀术|"&Input!$F$31,Skills!$A:$A,Skills!$N:$N,0) -> 0
A39: frames_eff | B39: =B11-B12*B37-B14*B38 -> 298
A41: 属性有效值
A42: ELE_eff | B42: =IF(B4=0,0,(B4+_xlfn.XLOOKUP("属性强化|"&Input!$F$28,Skills!$A:$A,Skills!$O:$O,0))*_xlfn.XLOOKUP("属性强化|"&Input!$F$28,Skills!$A:$A,Skills!$P:$P,1)) -> 180
A44: 伤害和 DPS
A45: D_phys | B45: =B9/100*B27*B5*B20/100*B34*Input!$B$6 -> 1499.2597
A46: D_ele | B46: =B10*B42/10*B6*B18/100 -> 25.65
A47: D_total | B47: =B45+B46 -> 1524.9097
A48: DPS | B48: =B47*30/B39 -> 153.5144

Sheet Curve_Future
A1: skill | B1: current_level | C1: target_level | D1: add_levels | E1: max_level | F1: valid | G1: sim_attack | H1: sim_crit_eye | I1: sim_wex | J1: sim_crit_boost | K1: sim_agitator | L1: sim_peak | M1: sim_resentment | N1: sim_focus | O1: sim_ele_boost | P1: sim_latent_power | Q1: sim_max_might | R1: sim_sheathe | S1: ATK_eff_curve | T1: CR_eff_curve | U1: CR_eff_capped_curve | V1: CD_curve | W1: ECM_curve | X1: frames_eff_curve | Y1: ELE_eff_curve | Z1: D_phys_curve | AA1: D_ele_curve | AB1: D_total_curve | AC1: DPS_curve | AD1: gain_curve | AE1: label
A2: {=INDEX($AG$2:$AG$11,ROUNDUP(ROW(A1)/7,0))} -> 攻击 | B2: {=_xlfn.SWITCH(A2,"攻击",Input!$F$20,"看破",Input!$F$21,"弱点特效",Input!$F$22,"超会心",Input!$F$23,"挑战者",Input!$F$24,"无伤",Input!$F$25,"怨恨",Input!$F$26,"集中",Input!$F$27,"属性强化",Input!$F$28,"力量解放",Input!$F$29,"精神抖擞",Input!$F$30,"纳刀术",Input!$F$31)} -> 2 | C2: =B2+D2 -> 3 | D2: =MOD(ROW(A1)-1,7)+1 -> 1 | E2: =_xlfn.XLOOKUP(A2&"|0",Skills!$A:$A,Skills!$D:$D) -> 7 | F2: =AND(C2<=E2,_xlfn.XLOOKUP(A2&"|0",Skills!$A:$A,Skills!$F:$F)=TRUE) -> TRUE | G2: =IF($A2="攻击",$C2,Input!$F$20) -> 3 | H2: =IF($A2="看破",$C2,Input!$F$21) -> 2 | I2: =IF($A2="弱点特效",$C2,Input!$F$22) -> 1 | J2: =IF($A2="超会心",$C2,Input!$F$23) -> 1 | K2: =IF($A2="挑战者",$C2,Input!$F$24) -> 3 | L2: =IF($A2="无伤",$C2,Input!$F$25) -> 1 | M2: =IF($A2="怨恨",$C2,Input!$F$26) -> 0 | N2: =IF($A2="集中",$C2,Input!$F$27) -> 0 | O2: =IF($A2="属性强化",$C2,Input!$F$28) -> 0 | P2: =Input!$F$29 -> 0 | Q2: =Input!$F$30 -> 0 | R2: =IF($A2="纳刀术",$C2,Input!$F$31) -> 0 | S2: =(Calc_Current!$B$2+Calc_Current!$B$24+_xlfn.XLOOKUP("攻击|"&G2,Skills!$A:$A,Skills!$G:$G,0)+_xlfn.XLOOKUP("挑战者|"&K2,Skills!$A:$A,Skills!$G:$G,0)*Input!$B$10+_xlfn.XLOOKUP("无伤|"&L2,Skills!$A:$A,Skills!$G:$G,0)*Input!$B$11+_xlfn.XLOOKUP("怨恨|"&M2,Skills!$A:$A,Skills!$G:$G,0)*Input!$B$12)*Calc_Current!$B$26 -> 426.5 | T2: =Calc_Current!$B$3+_xlfn.XLOOKUP("攻击|"&G2,Skills!$A:$A,Skills!$I:$I,0)+_xlfn.XLOOKUP("看破|"&H2,Skills!$A:$A,Skills!$I:$I,0)+IF(Calc_Current!$B$21,IF(Input!$B$5,_xlfn.XLOOKUP("弱点特效|"&I2,Skills!$A:$A,Skills!$L:$L,0),_xlfn.XLOOKUP("弱点特效|"&I2,Skills!$A:$A,Skills!$K:$K,0))*Input!$B$9,0)+_xlfn.XLOOKUP("挑战者|"&K2,Skills!$A:$A,Skills!$I:$I,0)*Input!$B$10+_xlfn.XLOOKUP("力量解放|"&P2,Skills!$A:$A,Skills!$I:$I,0)*Input!$B$13+_xlfn.XLOOKUP("精神抖擞|"&Q2,Skills!$A:$A,Skills!$I:$I,0)*Input!$B$14 -> -0.0875 | U2: =MAX(-100%,MIN(100%,T2)) -> -0.0875 | V2: =_xlfn.XLOOKUP("超会心|"&J2,Skills!$A:$A,Skills!$J:$J,1.25) -> 1.3 | W2: =IF(U2>=0,1+U2*(V2-1),1+U2*0.25) -> 0.978125 | X2: =Calc_Current!$B$11-Calc_Current!$B$12*ROUNDDOWN(Calc_Current!$B$13*_xlfn.XLOOKUP("集中|"&N2,Skills!$A:$A,Skills!$M:$M,0),0)-Calc_Current!$B$14*_xlfn.XLOOKUP("纳刀术|"&R2,Skills!$A:$A,Skills!$N:$N,0) -> 298 | Y2: =IF(Calc_Current!$B$4=0,0,(Calc_Current!$B$4+_xlfn.XLOOKUP("属性强化|"&O2,Skills!$A:$A,Skills!$O:$O,0))*_xlfn.XLOOKUP("属性强化|"&O2,Skills!$A:$A,Skills!$P:$P,1)) -> 180 | Z2: =Calc_Current!$B$9/100*S2*Calc_Current!$B$5*Calc_Current!$B$20/100*W2*Input!$B$6 -> 1509.8802 | AA2: =Calc_Current!$B$10*Y2/10*Calc_Current!$B$6*Calc_Current!$B$18/100 -> 25.65 | AB2: =Z2+AA2 -> 1535.5302 | AC2: =IF(F2,AB2*30/X2,NA()) -> 154.58358 | AD2: =IF(F2,AC2/Calc_Current!$B$48-1,NA()) -> 0.0069646706 | AE2: =A2&" "&B2&"→"&C2 -> 攻击 2→3 | AG2: 攻击
A3: {=INDEX($AG$2:$AG$11,ROUNDUP(ROW(A2)/7,0))} -> 攻击 | B3: {=_xlfn.SWITCH(A3,"攻击",Input!$F$20,"看破",Input!$F$21,"弱点特效",Input!$F$22,"超会心",Input!$F$23,"挑战者",Input!$F$24,"无伤",Input!$F$25,"怨恨",Input!$F$26,"集中",Input!$F$27,"属性强化",Input!$F$28,"力量解放",Input!$F$29,"精神抖擞",Input!$F$30,"纳刀术",Input!$F$31)} -> 2 | C3: =B3+D3 -> 4 | D3: =MOD(ROW(A2)-1,7)+1 -> 2 | E3: =_xlfn.XLOOKUP(A3&"|0",Skills!$A:$A,Skills!$D:$D) -> 7 | F3: =AND(C3<=E3,_xlfn.XLOOKUP(A3&"|0",Skills!$A:$A,Skills!$F:$F)=TRUE) -> TRUE | G3: =IF($A3="攻击",$C3,Input!$F$20) -> 4 | H3: =IF($A3="看破",$C3,Input!$F$21) -> 2 | I3: =IF($A3="弱点特效",$C3,Input!$F$22) -> 1 | J3: =IF($A3="超会心",$C3,Input!$F$23) -> 1 | K3: =IF($A3="挑战者",$C3,Input!$F$24) -> 3 | L3: =IF($A3="无伤",$C3,Input!$F$25) -> 1 | M3: =IF($A3="怨恨",$C3,Input!$F$26) -> 0 | N3: =IF($A3="集中",$C3,Input!$F$27) -> 0 | O3: =IF($A3="属性强化",$C3,Input!$F$28) -> 0 | P3: =Input!$F$29 -> 0 | Q3: =Input!$F$30 -> 0 | R3: =IF($A3="纳刀术",$C3,Input!$F$31) -> 0 | S3: =(Calc_Current!$B$2+Calc_Current!$B$24+_xlfn.XLOOKUP("攻击|"&G3,Skills!$A:$A,Skills!$G:$G,0)+_xlfn.XLOOKUP("挑战者|"&K3,Skills!$A:$A,Skills!$G:$G,0)*Input!$B$10+_xlfn.XLOOKUP("无伤|"&L3,Skills!$A:$A,Skills!$G:$G,0)*Input!$B$11+_xlfn.XLOOKUP("怨恨|"&M3,Skills!$A:$A,Skills!$G:$G,0)*Input!$B$12)*Calc_Current!$B$26 -> 429.5 | T3: =Calc_Current!$B$3+_xlfn.XLOOKUP("攻击|"&G3,Skills!$A:$A,Skills!$I:$I,0)+_xlfn.XLOOKUP("看破|"&H3,Skills!$A:$A,Skills!$I:$I,0)+IF(Calc_Current!$B$21,IF(Input!$B$5,_xlfn.XLOOKUP("弱点特效|"&I3,Skills!$A:$A,Skills!$L:$L,0),_xlfn.XLOOKUP("弱点特效|"&I3,Skills!$A:$A,Skills!$K:$K,0))*Input!$B$9,0)+_xlfn.XLOOKUP("挑战者|"&K3,Skills!$A:$A,Skills!$I:$I,0)*Input!$B$10+_xlfn.XLOOKUP("力量解放|"&P3,Skills!$A:$A,Skills!$I:$I,0)*Input!$B$13+_xlfn.XLOOKUP("精神抖擞|"&Q3,Skills!$A:$A,Skills!$I:$I,0)*Input!$B$14 -> -0.0375 | U3: =MAX(-100%,MIN(100%,T3)) -> -0.0375 | V3: =_xlfn.XLOOKUP("超会心|"&J3,Skills!$A:$A,Skills!$J:$J,1.25) -> 1.3 | W3: =IF(U3>=0,1+U3*(V3-1),1+U3*0.25) -> 0.990625 | X3: =Calc_Current!$B$11-Calc_Current!$B$12*ROUNDDOWN(Calc_Current!$B$13*_xlfn.XLOOKUP("集中|"&N3,Skills!$A:$A,Skills!$M:$M,0),0)-Calc_Current!$B$14*_xlfn.XLOOKUP("纳刀术|"&R3,Skills!$A:$A,Skills!$N:$N,0) -> 298 | Y3: =IF(Calc_Current!$B$4=0,0,(Calc_Current!$B$4+_xlfn.XLOOKUP("属性强化|"&O3,Skills!$A:$A,Skills!$O:$O,0))*_xlfn.XLOOKUP("属性强化|"&O3,Skills!$A:$A,Skills!$P:$P,1)) -> 180 | Z3: =Calc_Current!$B$9/100*S3*Calc_Current!$B$5*Calc_Current!$B$20/100*W3*Input!$B$6 -> 1539.932 | AA3: =Calc_Current!$B$10*Y3/10*Calc_Current!$B$6*Calc_Current!$B$18/100 -> 25.65 | AB3: =Z3+AA3 -> 1565.582 | AC3: =IF(F3,AB3*30/X3,NA()) -> 157.60893 | AD3: =IF(F3,AC3/Calc_Current!$B$48-1,NA()) -> 0.026671944 | AE3: =A3&" "&B3&"→"&C3 -> 攻击 2→4 | AG3: 看破
A4: {=INDEX($AG$2:$AG$11,ROUNDUP(ROW(A3)/7,0))} -> 攻击 | B4: {=_xlfn.SWITCH(A4,"攻击",Input!$F$20,"看破",Input!$F$21,"弱点特效",Input!$F$22,"超会心",Input!$F$23,"挑战者",Input!$F$24,"无伤",Input!$F$25,"怨恨",Input!$F$26,"集中",Input!$F$27,"属性强化",Input!$F$28,"力量解放",Input!$F$29,"精神抖擞",Input!$F$30,"纳刀术",Input!$F$31)} -> 2 | C4: =B4+D4 -> 5 | D4: =MOD(ROW(A3)-1,7)+1 -> 3 | E4: =_xlfn.XLOOKUP(A4&"|0",Skills!$A:$A,Skills!$D:$D) -> 7 | F4: =AND(C4<=E4,_xlfn.XLOOKUP(A4&"|0",Skills!$A:$A,Skills!$F:$F)=TRUE) -> TRUE | G4: =IF($A4="攻击",$C4,Input!$F$20) -> 5 | H4: =IF($A4="看破",$C4,Input!$F$21) -> 2 | I4: =IF($A4="弱点特效",$C4,Input!$F$22) -> 1 | J4: =IF($A4="超会心",$C4,Input!$F$23) -> 1 | K4: =IF($A4="挑战者",$C4,Input!$F$24) -> 3 | L4: =IF($A4="无伤",$C4,Input!$F$25) -> 1 | M4: =IF($A4="怨恨",$C4,Input!$F$26) -> 0 | N4: =IF($A4="集中",$C4,Input!$F$27) -> 0 | O4: =IF($A4="属性强化",$C4,Input!$F$28) -> 0 | P4: =Input!$F$29 -> 0 | Q4: =Input!$F$30 -> 0 | R4: =IF($A4="纳刀术",$C4,Input!$F$31) -> 0 | S4: =(Calc_Current!$B$2+Calc_Current!$B$24+_xlfn.XLOOKUP("攻击|"&G4,Skills!$A:$A,Skills!$G:$G,0)+_xlfn.XLOOKUP("挑战者|"&K4,Skills!$A:$A,Skills!$G:$G,0)*Input!$B$10+_xlfn.XLOOKUP("无伤|"&L4,Skills!$A:$A,Skills!$G:$G,0)*Input!$B$11+_xlfn.XLOOKUP("怨恨|"&M4,Skills!$A:$A,Skills!$G:$G,0)*Input!$B$12)*Calc_Current!$B$26 -> 432.5 | T4: =Calc_Current!$B$3+_xlfn.XLOOKUP("攻击|"&G4,Skills!$A:$A,Skills!$I:$I,0)+_xlfn.XLOOKUP("看破|"&H4,Skills!$A:$A,Skills!$I:$I,0)+IF(Calc_Current!$B$21,IF(Input!$B$5,_xlfn.XLOOKUP("弱点特效|"&I4,Skills!$A:$A,Skills!$L:$L,0),_xlfn.XLOOKUP("弱点特效|"&I4,Skills!$A:$A,Skills!$K:$K,0))*Input!$B$9,0)+_xlfn.XLOOKUP("挑战者|"&K4,Skills!$A:$A,Skills!$I:$I,0)*Input!$B$10+_xlfn.XLOOKUP("力量解放|"&P4,Skills!$A:$A,Skills!$I:$I,0)*Input!$B$13+_xlfn.XLOOKUP("精神抖擞|"&Q4,Skills!$A:$A,Skills!$I:$I,0)*Input!$B$14 -> -0.0375 | U4: =MAX(-100%,MIN(100%,T4)) -> -0.0375 | V4: =_xlfn.XLOOKUP("超会心|"&J4,Skills!$A:$A,Skills!$J:$J,1.25) -> 1.3 | W4: =IF(U4>=0,1+U4*(V4-1),1+U4*0.25) -> 0.990625 | X4: =Calc_Current!$B$11-Calc_Current!$B$12*ROUNDDOWN(Calc_Current!$B$13*_xlfn.XLOOKUP("集中|"&N4,Skills!$A:$A,Skills!$M:$M,0),0)-Calc_Current!$B$14*_xlfn.XLOOKUP("纳刀术|"&R4,Skills!$A:$A,Skills!$N:$N,0) -> 298 | Y4: =IF(Calc_Current!$B$4=0,0,(Calc_Current!$B$4+_xlfn.XLOOKUP("属性强化|"&O4,Skills!$A:$A,Skills!$O:$O,0))*_xlfn.XLOOKUP("属性强化|"&O4,Skills!$A:$A,Skills!$P:$P,1)) -> 180 | Z4: =Calc_Current!$B$9/100*S4*Calc_Current!$B$5*Calc_Current!$B$20/100*W4*Input!$B$6 -> 1550.6882 | AA4: =Calc_Current!$B$10*Y4/10*Calc_Current!$B$6*Calc_Current!$B$18/100 -> 25.65 | AB4: =Z4+AA4 -> 1576.3382 | AC4: =IF(F4,AB4*30/X4,NA()) -> 158.69177 | AD4: =IF(F4,AC4/Calc_Current!$B$48-1,NA()) -> 0.03372562 | AE4: =A4&" "&B4&"→"&C4 -> 攻击 2→5 | AG4: 弱点特效
A5: {=INDEX($AG$2:$AG$11,ROUNDUP(ROW(A4)/7,0))} -> 攻击 | B5: {=_xlfn.SWITCH(A5,"攻击",Input!$F$20,"看破",Input!$F$21,"弱点特效",Input!$F$22,"超会心",Input!$F$23,"挑战者",Input!$F$24,"无伤",Input!$F$25,"怨恨",Input!$F$26,"集中",Input!$F$27,"属性强化",Input!$F$28,"力量解放",Input!$F$29,"精神抖擞",Input!$F$30,"纳刀术",Input!$F$31)} -> 2 | C5: =B5+D5 -> 6 | D5: =MOD(ROW(A4)-1,7)+1 -> 4 | E5: =_xlfn.XLOOKUP(A5&"|0",Skills!$A:$A,Skills!$D:$D) -> 7 | F5: =AND(C5<=E5,_xlfn.XLOOKUP(A5&"|0",Skills!$A:$A,Skills!$F:$F)=TRUE) -> TRUE | G5: =IF($A5="攻击",$C5,Input!$F$20) -> 6 | H5: =IF($A5="看破",$C5,Input!$F$21) -> 2 | I5: =IF($A5="弱点特效",$C5,Input!$F$22) -> 1 | J5: =IF($A5="超会心",$C5,Input!$F$23) -> 1 | K5: =IF($A5="挑战者",$C5,Input!$F$24) -> 3 | L5: =IF($A5="无伤",$C5,Input!$F$25) -> 1 | M5: =IF($A5="怨恨",$C5,Input!$F$26) -> 0 | N5: =IF($A5="集中",$C5,Input!$F$27) -> 0 | O5: =IF($A5="属性强化",$C5,Input!$F$28) -> 0 | P5: =Input!$F$29 -> 0 | Q5: =Input!$F$30 -> 0 | R5: =IF($A5="纳刀术",$C5,Input!$F$31) -> 0 | S5: =(Calc_Current!$B$2+Calc_Current!$B$24+_xlfn.XLOOKUP("攻击|"&G5,Skills!$A:$A,Skills!$G:$G,0)+_xlfn.XLOOKUP("挑战者|"&K5,Skills!$A:$A,Skills!$G:$G,0)*Input!$B$10+_xlfn.XLOOKUP("无伤|"&L5,Skills!$A:$A,Skills!$G:$G,0)*Input!$B$11+_xlfn.XLOOKUP("怨恨|"&M5,Skills!$A:$A,Skills!$G:$G,0)*Input!$B$12)*Calc_Current!$B$26 -> 435.5 | T5: =Calc_Current!$B$3+_xlfn.XLOOKUP("攻击|"&G5,Skills!$A:$A,Skills!$I:$I,0)+_xlfn.XLOOKUP("看破|"&H5,Skills!$A:$A,Skills!$I:$I,0)+IF(Calc_Current!$B$21,IF(Input!$B$5,_xlfn.XLOOKUP("弱点特效|"&I5,Skills!$A:$A,Skills!$L:$L,0),_xlfn.XLOOKUP("弱点特效|"&I5,Skills!$A:$A,Skills!$K:$K,0))*Input!$B$9,0)+_xlfn.XLOOKUP("挑战者|"&K5,Skills!$A:$A,Skills!$I:$I,0)*Input!$B$10+_xlfn.XLOOKUP("力量解放|"&P5,Skills!$A:$A,Skills!$I:$I,0)*Input!$B$13+_xlfn.XLOOKUP("精神抖擞|"&Q5,Skills!$A:$A,Skills!$I:$I,0)*Input!$B$14 -> -0.0375 | U5: =MAX(-100%,MIN(100%,T5)) -> -0.0375 | V5: =_xlfn.XLOOKUP("超会心|"&J5,Skills!$A:$A,Skills!$J:$J,1.25) -> 1.3 | W5: =IF(U5>=0,1+U5*(V5-1),1+U5*0.25) -> 0.990625 | X5: =Calc_Current!$B$11-Calc_Current!$B$12*ROUNDDOWN(Calc_Current!$B$13*_xlfn.XLOOKUP("集中|"&N5,Skills!$A:$A,Skills!$M:$M,0),0)-Calc_Current!$B$14*_xlfn.XLOOKUP("纳刀术|"&R5,Skills!$A:$A,Skills!$N:$N,0) -> 298 | Y5: =IF(Calc_Current!$B$4=0,0,(Calc_Current!$B$4+_xlfn.XLOOKUP("属性强化|"&O5,Skills!$A:$A,Skills!$O:$O,0))*_xlfn.XLOOKUP("属性强化|"&O5,Skills!$A:$A,Skills!$P:$P,1)) -> 180 | Z5: =Calc_Current!$B$9/100*S5*Calc_Current!$B$5*Calc_Current!$B$20/100*W5*Input!$B$6 -> 1561.4444 | AA5: =Calc_Current!$B$10*Y5/10*Calc_Current!$B$6*Calc_Current!$B$18/100 -> 25.65 | AB5: =Z5+AA5 -> 1587.0944 | AC5: =IF(F5,AB5*30/X5,NA()) -> 159.77461 | AD5: =IF(F5,AC5/Calc_Current!$B$48-1,NA()) -> 0.040779296 | AE5: =A5&" "&B5&"→"&C5 -> 攻击 2→6 | AG5: 超会心
A6: {=INDEX($AG$2:$AG$11,ROUNDUP(ROW(A5)/7,0))} -> 攻击 | B6: {=_xlfn.SWITCH(A6,"攻击",Input!$F$20,"看破",Input!$F$21,"弱点特效",Input!$F$22,"超会心",Input!$F$23,"挑战者",Input!$F$24,"无伤",Input!$F$25,"怨恨",Input!$F$26,"集中",Input!$F$27,"属性强化",Input!$F$28,"力量解放",Input!$F$29,"精神抖擞",Input!$F$30,"纳刀术",Input!$F$31)} -> 2 | C6: =B6+D6 -> 7 | D6: =MOD(ROW(A5)-1,7)+1 -> 5 | E6: =_xlfn.XLOOKUP(A6&"|0",Skills!$A:$A,Skills!$D:$D) -> 7 | F6: =AND(C6<=E6,_xlfn.XLOOKUP(A6&"|0",Skills!$A:$A,Skills!$F:$F)=TRUE) -> TRUE | G6: =IF($A6="攻击",$C6,Input!$F$20) -> 7 | H6: =IF($A6="看破",$C6,Input!$F$21) -> 2 | I6: =IF($A6="弱点特效",$C6,Input!$F$22) -> 1 | J6: =IF($A6="超会心",$C6,Input!$F$23) -> 1 | K6: =IF($A6="挑战者",$C6,Input!$F$24) -> 3 | L6: =IF($A6="无伤",$C6,Input!$F$25) -> 1 | M6: =IF($A6="怨恨",$C6,Input!$F$26) -> 0 | N6: =IF($A6="集中",$C6,Input!$F$27) -> 0 | O6: =IF($A6="属性强化",$C6,Input!$F$28) -> 0 | P6: =Input!$F$29 -> 0 | Q6: =Input!$F$30 -> 0 | R6: =IF($A6="纳刀术",$C6,Input!$F$31) -> 0 | S6: =(Calc_Current!$B$2+Calc_Current!$B$24+_xlfn.XLOOKUP("攻击|"&G6,Skills!$A:$A,Skills!$G:$G,0)+_xlfn.XLOOKUP("挑战者|"&K6,Skills!$A:$A,Skills!$G:$G,0)*Input!$B$10+_xlfn.XLOOKUP("无伤|"&L6,Skills!$A:$A,Skills!$G:$G,0)*Input!$B$11+_xlfn.XLOOKUP("怨恨|"&M6,Skills!$A:$A,Skills!$G:$G,0)*Input!$B$12)*Calc_Current!$B$26 -> 438.5 | T6: =Calc_Current!$B$3+_xlfn.XLOOKUP("攻击|"&G6,Skills!$A:$A,Skills!$I:$I,0)+_xlfn.XLOOKUP("看破|"&H6,Skills!$A:$A,Skills!$I:$I,0)+IF(Calc_Current!$B$21,IF(Input!$B$5,_xlfn.XLOOKUP("弱点特效|"&I6,Skills!$A:$A,Skills!$L:$L,0),_xlfn.XLOOKUP("弱点特效|"&I6,Skills!$A:$A,Skills!$K:$K,0))*Input!$B$9,0)+_xlfn.XLOOKUP("挑战者|"&K6,Skills!$A:$A,Skills!$I:$I,0)*Input!$B$10+_xlfn.XLOOKUP("力量解放|"&P6,Skills!$A:$A,Skills!$I:$I,0)*Input!$B$13+_xlfn.XLOOKUP("精神抖擞|"&Q6,Skills!$A:$A,Skills!$I:$I,0)*Input!$B$14 -> -0.0375 | U6: =MAX(-100%,MIN(100%,T6)) -> -0.0375 | V6: =_xlfn.XLOOKUP("超会心|"&J6,Skills!$A:$A,Skills!$J:$J,1.25) -> 1.3 | W6: =IF(U6>=0,1+U6*(V6-1),1+U6*0.25) -> 0.990625 | X6: =Calc_Current!$B$11-Calc_Current!$B$12*ROUNDDOWN(Calc_Current!$B$13*_xlfn.XLOOKUP("集中|"&N6,Skills!$A:$A,Skills!$M:$M,0),0)-Calc_Current!$B$14*_xlfn.XLOOKUP("纳刀术|"&R6,Skills!$A:$A,Skills!$N:$N,0) -> 298 | Y6: =IF(Calc_Current!$B$4=0,0,(Calc_Current!$B$4+_xlfn.XLOOKUP("属性强化|"&O6,Skills!$A:$A,Skills!$O:$O,0))*_xlfn.XLOOKUP("属性强化|"&O6,Skills!$A:$A,Skills!$P:$P,1)) -> 180 | Z6: =Calc_Current!$B$9/100*S6*Calc_Current!$B$5*Calc_Current!$B$20/100*W6*Input!$B$6 -> 1572.2007 | AA6: =Calc_Current!$B$10*Y6/10*Calc_Current!$B$6*Calc_Current!$B$18/100 -> 25.65 | AB6: =Z6+AA6 -> 1597.8507 | AC6: =IF(F6,AB6*30/X6,NA()) -> 160.85745 | AD6: =IF(F6,AC6/Calc_Current!$B$48-1,NA()) -> 0.047832972 | AE6: =A6&" "&B6&"→"&C6 -> 攻击 2→7 | AG6: 挑战者
A7: {=INDEX($AG$2:$AG$11,ROUNDUP(ROW(A6)/7,0))} -> 攻击 | B7: {=_xlfn.SWITCH(A7,"攻击",Input!$F$20,"看破",Input!$F$21,"弱点特效",Input!$F$22,"超会心",Input!$F$23,"挑战者",Input!$F$24,"无伤",Input!$F$25,"怨恨",Input!$F$26,"集中",Input!$F$27,"属性强化",Input!$F$28,"力量解放",Input!$F$29,"精神抖擞",Input!$F$30,"纳刀术",Input!$F$31)} -> 2 | C7: =B7+D7 -> 8 | D7: =MOD(ROW(A6)-1,7)+1 -> 6 | E7: =_xlfn.XLOOKUP(A7&"|0",Skills!$A:$A,Skills!$D:$D) -> 7 | F7: =AND(C7<=E7,_xlfn.XLOOKUP(A7&"|0",Skills!$A:$A,Skills!$F:$F)=TRUE) -> FALSE | G7: =IF($A7="攻击",$C7,Input!$F$20) -> 8 | H7: =IF($A7="看破",$C7,Input!$F$21) -> 2 | I7: =IF($A7="弱点特效",$C7,Input!$F$22) -> 1 | J7: =IF($A7="超会心",$C7,Input!$F$23) -> 1 | K7: =IF($A7="挑战者",$C7,Input!$F$24) -> 3 | L7: =IF($A7="无伤",$C7,Input!$F$25) -> 1 | M7: =IF($A7="怨恨",$C7,Input!$F$26) -> 0 | N7: =IF($A7="集中",$C7,Input!$F$27) -> 0 | O7: =IF($A7="属性强化",$C7,Input!$F$28) -> 0 | P7: =Input!$F$29 -> 0 | Q7: =Input!$F$30 -> 0 | R7: =IF($A7="纳刀术",$C7,Input!$F$31) -> 0 | S7: =(Calc_Current!$B$2+Calc_Current!$B$24+_xlfn.XLOOKUP("攻击|"&G7,Skills!$A:$A,Skills!$G:$G,0)+_xlfn.XLOOKUP("挑战者|"&K7,Skills!$A:$A,Skills!$G:$G,0)*Input!$B$10+_xlfn.XLOOKUP("无伤|"&L7,Skills!$A:$A,Skills!$G:$G,0)*Input!$B$11+_xlfn.XLOOKUP("怨恨|"&M7,Skills!$A:$A,Skills!$G:$G,0)*Input!$B$12)*Calc_Current!$B$26 -> 417.5 | T7: =Calc_Current!$B$3+_xlfn.XLOOKUP("攻击|"&G7,Skills!$A:$A,Skills!$I:$I,0)+_xlfn.XLOOKUP("看破|"&H7,Skills!$A:$A,Skills!$I:$I,0)+IF(Calc_Current!$B$21,IF(Input!$B$5,_xlfn.XLOOKUP("弱点特效|"&I7,Skills!$A:$A,Skills!$L:$L,0),_xlfn.XLOOKUP("弱点特效|"&I7,Skills!$A:$A,Skills!$K:$K,0))*Input!$B$9,0)+_xlfn.XLOOKUP("挑战者|"&K7,Skills!$A:$A,Skills!$I:$I,0)*Input!$B$10+_xlfn.XLOOKUP("力量解放|"&P7,Skills!$A:$A,Skills!$I:$I,0)*Input!$B$13+_xlfn.XLOOKUP("精神抖擞|"&Q7,Skills!$A:$A,Skills!$I:$I,0)*Input!$B$14 -> -0.0875 | U7: =MAX(-100%,MIN(100%,T7)) -> -0.0875 | V7: =_xlfn.XLOOKUP("超会心|"&J7,Skills!$A:$A,Skills!$J:$J,1.25) -> 1.3 | W7: =IF(U7>=0,1+U7*(V7-1),1+U7*0.25) -> 0.978125 | X7: =Calc_Current!$B$11-Calc_Current!$B$12*ROUNDDOWN(Calc_Current!$B$13*_xlfn.XLOOKUP("集中|"&N7,Skills!$A:$A,Skills!$M:$M,0),0)-Calc_Current!$B$14*_xlfn.XLOOKUP("纳刀术|"&R7,Skills!$A:$A,Skills!$N:$N,0) -> 298 | Y7: =IF(Calc_Current!$B$4=0,0,(Calc_Current!$B$4+_xlfn.XLOOKUP("属性强化|"&O7,Skills!$A:$A,Skills!$O:$O,0))*_xlfn.XLOOKUP("属性强化|"&O7,Skills!$A:$A,Skills!$P:$P,1)) -> 180 | Z7: =Calc_Current!$B$9/100*S7*Calc_Current!$B$5*Calc_Current!$B$20/100*W7*Input!$B$6 -> 1478.0187 | AA7: =Calc_Current!$B$10*Y7/10*Calc_Current!$B$6*Calc_Current!$B$18/100 -> 25.65 | AB7: =Z7+AA7 -> 1503.6687 | AC7: =IF(F7,AB7*30/X7,NA()) -> #N/A | AD7: =IF(F7,AC7/Calc_Current!$B$48-1,NA()) -> #N/A | AE7: =A7&" "&B7&"→"&C7 -> 攻击 2→8 | AG7: 无伤
A8: {=INDEX($AG$2:$AG$11,ROUNDUP(ROW(A7)/7,0))} -> 攻击 | B8: {=_xlfn.SWITCH(A8,"攻击",Input!$F$20,"看破",Input!$F$21,"弱点特效",Input!$F$22,"超会心",Input!$F$23,"挑战者",Input!$F$24,"无伤",Input!$F$25,"怨恨",Input!$F$26,"集中",Input!$F$27,"属性强化",Input!$F$28,"力量解放",Input!$F$29,"精神抖擞",Input!$F$30,"纳刀术",Input!$F$31)} -> 2 | C8: =B8+D8 -> 9 | D8: =MOD(ROW(A7)-1,7)+1 -> 7 | E8: =_xlfn.XLOOKUP(A8&"|0",Skills!$A:$A,Skills!$D:$D) -> 7 | F8: =AND(C8<=E8,_xlfn.XLOOKUP(A8&"|0",Skills!$A:$A,Skills!$F:$F)=TRUE) -> FALSE | G8: =IF($A8="攻击",$C8,Input!$F$20) -> 9 | H8: =IF($A8="看破",$C8,Input!$F$21) -> 2 | I8: =IF($A8="弱点特效",$C8,Input!$F$22) -> 1 | J8: =IF($A8="超会心",$C8,Input!$F$23) -> 1 | K8: =IF($A8="挑战者",$C8,Input!$F$24) -> 3 | L8: =IF($A8="无伤",$C8,Input!$F$25) -> 1 | M8: =IF($A8="怨恨",$C8,Input!$F$26) -> 0 | N8: =IF($A8="集中",$C8,Input!$F$27) -> 0 | O8: =IF($A8="属性强化",$C8,Input!$F$28) -> 0 | P8: =Input!$F$29 -> 0 | Q8: =Input!$F$30 -> 0 | R8: =IF($A8="纳刀术",$C8,Input!$F$31) -> 0 | S8: =(Calc_Current!$B$2+Calc_Current!$B$24+_xlfn.XLOOKUP("攻击|"&G8,Skills!$A:$A,Skills!$G:$G,0)+_xlfn.XLOOKUP("挑战者|"&K8,Skills!$A:$A,Skills!$G:$G,0)*Input!$B$10+_xlfn.XLOOKUP("无伤|"&L8,Skills!$A:$A,Skills!$G:$G,0)*Input!$B$11+_xlfn.XLOOKUP("怨恨|"&M8,Skills!$A:$A,Skills!$G:$G,0)*Input!$B$12)*Calc_Current!$B$26 -> 417.5 | T8: =Calc_Current!$B$3+_xlfn.XLOOKUP("攻击|"&G8,Skills!$A:$A,Skills!$I:$I,0)+_xlfn.XLOOKUP("看破|"&H8,Skills!$A:$A,Skills!$I:$I,0)+IF(Calc_Current!$B$21,IF(Input!$B$5,_xlfn.XLOOKUP("弱点特效|"&I8,Skills!$A:$A,Skills!$L:$L,0),_xlfn.XLOOKUP("弱点特效|"&I8,Skills!$A:$A,Skills!$K:$K,0))*Input!$B$9,0)+_xlfn.XLOOKUP("挑战者|"&K8,Skills!$A:$A,Skills!$I:$I,0)*Input!$B$10+_xlfn.XLOOKUP("力量解放|"&P8,Skills!$A:$A,Skills!$I:$I,0)*Input!$B$13+_xlfn.XLOOKUP("精神抖擞|"&Q8,Skills!$A:$A,Skills!$I:$I,0)*Input!$B$14 -> -0.0875 | U8: =MAX(-100%,MIN(100%,T8)) -> -0.0875 | V8: =_xlfn.XLOOKUP("超会心|"&J8,Skills!$A:$A,Skills!$J:$J,1.25) -> 1.3 | W8: =IF(U8>=0,1+U8*(V8-1),1+U8*0.25) -> 0.978125 | X8: =Calc_Current!$B$11-Calc_Current!$B$12*ROUNDDOWN(Calc_Current!$B$13*_xlfn.XLOOKUP("集中|"&N8,Skills!$A:$A,Skills!$M:$M,0),0)-Calc_Current!$B$14*_xlfn.XLOOKUP("纳刀术|"&R8,Skills!$A:$A,Skills!$N:$N,0) -> 298 | Y8: =IF(Calc_Current!$B$4=0,0,(Calc_Current!$B$4+_xlfn.XLOOKUP("属性强化|"&O8,Skills!$A:$A,Skills!$O:$O,0))*_xlfn.XLOOKUP("属性强化|"&O8,Skills!$A:$A,Skills!$P:$P,1)) -> 180 | Z8: =Calc_Current!$B$9/100*S8*Calc_Current!$B$5*Calc_Current!$B$20/100*W8*Input!$B$6 -> 1478.0187 | AA8: =Calc_Current!$B$10*Y8/10*Calc_Current!$B$6*Calc_Current!$B$18/100 -> 25.65 | AB8: =Z8+AA8 -> 1503.6687 | AC8: =IF(F8,AB8*30/X8,NA()) -> #N/A | AD8: =IF(F8,AC8/Calc_Current!$B$48-1,NA()) -> #N/A | AE8: =A8&" "&B8&"→"&C8 -> 攻击 2→9 | AG8: 怨恨
A9: {=INDEX($AG$2:$AG$11,ROUNDUP(ROW(A8)/7,0))} -> 看破 | B9: {=_xlfn.SWITCH(A9,"攻击",Input!$F$20,"看破",Input!$F$21,"弱点特效",Input!$F$22,"超会心",Input!$F$23,"挑战者",Input!$F$24,"无伤",Input!$F$25,"怨恨",Input!$F$26,"集中",Input!$F$27,"属性强化",Input!$F$28,"力量解放",Input!$F$29,"精神抖擞",Input!$F$30,"纳刀术",Input!$F$31)} -> 2 | C9: =B9+D9 -> 3 | D9: =MOD(ROW(A8)-1,7)+1 -> 1 | E9: =_xlfn.XLOOKUP(A9&"|0",Skills!$A:$A,Skills!$D:$D) -> 7 | F9: =AND(C9<=E9,_xlfn.XLOOKUP(A9&"|0",Skills!$A:$A,Skills!$F:$F)=TRUE) -> TRUE | G9: =IF($A9="攻击",$C9,Input!$F$20) -> 2 | H9: =IF($A9="看破",$C9,Input!$F$21) -> 3 | I9: =IF($A9="弱点特效",$C9,Input!$F$22) -> 1 | J9: =IF($A9="超会心",$C9,Input!$F$23) -> 1 | K9: =IF($A9="挑战者",$C9,Input!$F$24) -> 3 | L9: =IF($A9="无伤",$C9,Input!$F$25) -> 1 | M9: =IF($A9="怨恨",$C9,Input!$F$26) -> 0 | N9: =IF($A9="集中",$C9,Input!$F$27) -> 0 | O9: =IF($A9="属性强化",$C9,Input!$F$28) -> 0 | P9: =Input!$F$29 -> 0 | Q9: =Input!$F$30 -> 0 | R9: =IF($A9="纳刀术",$C9,Input!$F$31) -> 0 | S9: =(Calc_Current!$B$2+Calc_Current!$B$24+_xlfn.XLOOKUP("攻击|"&G9,Skills!$A:$A,Skills!$G:$G,0)+_xlfn.XLOOKUP("挑战者|"&K9,Skills!$A:$A,Skills!$G:$G,0)*Input!$B$10+_xlfn.XLOOKUP("无伤|"&L9,Skills!$A:$A,Skills!$G:$G,0)*Input!$B$11+_xlfn.XLOOKUP("怨恨|"&M9,Skills!$A:$A,Skills!$G:$G,0)*Input!$B$12)*Calc_Current!$B$26 -> 423.5 | T9: =Calc_Current!$B$3+_xlfn.XLOOKUP("攻击|"&G9,Skills!$A:$A,Skills!$I:$I,0)+_xlfn.XLOOKUP("看破|"&H9,Skills!$A:$A,Skills!$I:$I,0)+IF(Calc_Current!$B$21,IF(Input!$B$5,_xlfn.XLOOKUP("弱点特效|"&I9,Skills!$A:$A,Skills!$L:$L,0),_xlfn.XLOOKUP("弱点特效|"&I9,Skills!$A:$A,Skills!$K:$K,0))*Input!$B$9,0)+_xlfn.XLOOKUP("挑战者|"&K9,Skills!$A:$A,Skills!$I:$I,0)*Input!$B$10+_xlfn.XLOOKUP("力量解放|"&P9,Skills!$A:$A,Skills!$I:$I,0)*Input!$B$13+_xlfn.XLOOKUP("精神抖擞|"&Q9,Skills!$A:$A,Skills!$I:$I,0)*Input!$B$14 -> -0.0375 | U9: =MAX(-100%,MIN(100%,T9)) -> -0.0375 | V9: =_xlfn.XLOOKUP("超会心|"&J9,Skills!$A:$A,Skills!$J:$J,1.25) -> 1.3 | W9: =IF(U9>=0,1+U9*(V9-1),1+U9*0.25) -> 0.990625 | X9: =Calc_Current!$B$11-Calc_Current!$B$12*ROUNDDOWN(Calc_Current!$B$13*_xlfn.XLOOKUP("集中|"&N9,Skills!$A:$A,Skills!$M:$M,0),0)-Calc_Current!$B$14*_xlfn.XLOOKUP("纳刀术|"&R9,Skills!$A:$A,Skills!$N:$N,0) -> 298 | Y9: =IF(Calc_Current!$B$4=0,0,(Calc_Current!$B$4+_xlfn.XLOOKUP("属性强化|"&O9,Skills!$A:$A,Skills!$O:$O,0))*_xlfn.XLOOKUP("属性强化|"&O9,Skills!$A:$A,Skills!$P:$P,1)) -> 180 | Z9: =Calc_Current!$B$9/100*S9*Calc_Current!$B$5*Calc_Current!$B$20/100*W9*Input!$B$6 -> 1518.4196 | AA9: =Calc_Current!$B$10*Y9/10*Calc_Current!$B$6*Calc_Current!$B$18/100 -> 25.65 | AB9: =Z9+AA9 -> 1544.0696 | AC9: =IF(F9,AB9*30/X9,NA()) -> 155.44325 | AD9: =IF(F9,AC9/Calc_Current!$B$48-1,NA()) -> 0.012564592 | AE9: =A9&" "&B9&"→"&C9 -> 看破 2→3 | AG9: 集中
A10: {=INDEX($AG$2:$AG$11,ROUNDUP(ROW(A9)/7,0))} -> 看破 | B10: {=_xlfn.SWITCH(A10,"攻击",Input!$F$20,"看破",Input!$F$21,"弱点特效",Input!$F$22,"超会心",Input!$F$23,"挑战者",Input!$F$24,"无伤",Input!$F$25,"怨恨",Input!$F$26,"集中",Input!$F$27,"属性强化",Input!$F$28,"力量解放",Input!$F$29,"精神抖擞",Input!$F$30,"纳刀术",Input!$F$31)} -> 2 | C10: =B10+D10 -> 4 | D10: =MOD(ROW(A9)-1,7)+1 -> 2 | E10: =_xlfn.XLOOKUP(A10&"|0",Skills!$A:$A,Skills!$D:$D) -> 7 | F10: =AND(C10<=E10,_xlfn.XLOOKUP(A10&"|0",Skills!$A:$A,Skills!$F:$F)=TRUE) -> TRUE | G10: =IF($A10="攻击",$C10,Input!$F$20) -> 2 | H10: =IF($A10="看破",$C10,Input!$F$21) -> 4 | I10: =IF($A10="弱点特效",$C10,Input!$F$22) -> 1 | J10: =IF($A10="超会心",$C10,Input!$F$23) -> 1 | K10: =IF($A10="挑战者",$C10,Input!$F$24) -> 3 | L10: =IF($A10="无伤",$C10,Input!$F$25) -> 1 | M10: =IF($A10="怨恨",$C10,Input!$F$26) -> 0 | N10: =IF($A10="集中",$C10,Input!$F$27) -> 0 | O10: =IF($A10="属性强化",$C10,Input!$F$28) -> 0 | P10: =Input!$F$29 -> 0 | Q10: =Input!$F$30 -> 0 | R10: =IF($A10="纳刀术",$C10,Input!$F$31) -> 0 | S10: =(Calc_Current!$B$2+Calc_Current!$B$24+_xlfn.XLOOKUP("攻击|"&G10,Skills!$A:$A,Skills!$G:$G,0)+_xlfn.XLOOKUP("挑战者|"&K10,Skills!$A:$A,Skills!$G:$G,0)*Input!$B$10+_xlfn.XLOOKUP("无伤|"&L10,Skills!$A:$A,Skills!$G:$G,0)*Input!$B$11+_xlfn.XLOOKUP("怨恨|"&M10,Skills!$A:$A,Skills!$G:$G,0)*Input!$B$12)*Calc_Current!$B$26 -> 423.5 | T10: =Calc_Current!$B$3+_xlfn.XLOOKUP("攻击|"&G10,Skills!$A:$A,Skills!$I:$I,0)+_xlfn.XLOOKUP("看破|"&H10,Skills!$A:$A,Skills!$I:$I,0)+IF(Calc_Current!$B$21,IF(Input!$B$5,_xlfn.XLOOKUP("弱点特效|"&I10,Skills!$A:$A,Skills!$L:$L,0),_xlfn.XLOOKUP("弱点特效|"&I10,Skills!$A:$A,Skills!$K:$K,0))*Input!$B$9,0)+_xlfn.XLOOKUP("挑战者|"&K10,Skills!$A:$A,Skills!$I:$I,0)*Input!$B$10+_xlfn.XLOOKUP("力量解放|"&P10,Skills!$A:$A,Skills!$I:$I,0)*Input!$B$13+_xlfn.XLOOKUP("精神抖擞|"&Q10,Skills!$A:$A,Skills!$I:$I,0)*Input!$B$14 -> 0.0125 | U10: =MAX(-100%,MIN(100%,T10)) -> 0.0125 | V10: =_xlfn.XLOOKUP("超会心|"&J10,Skills!$A:$A,Skills!$J:$J,1.25) -> 1.3 | W10: =IF(U10>=0,1+U10*(V10-1),1+U10*0.25) -> 1.00375 | X10: =Calc_Current!$B$11-Calc_Current!$B$12*ROUNDDOWN(Calc_Current!$B$13*_xlfn.XLOOKUP("集中|"&N10,Skills!$A:$A,Skills!$M:$M,0),0)-Calc_Current!$B$14*_xlfn.XLOOKUP("纳刀术|"&R10,Skills!$A:$A,Skills!$N:$N,0) -> 298 | Y10: =IF(Calc_Current!$B$4=0,0,(Calc_Current!$B$4+_xlfn.XLOOKUP("属性强化|"&O10,Skills!$A:$A,Skills!$O:$O,0))*_xlfn.XLOOKUP("属性强化|"&O10,Skills!$A:$A,Skills!$P:$P,1)) -> 180 | Z10: =Calc_Current!$B$9/100*S10*Calc_Current!$B$5*Calc_Current!$B$20/100*W10*Input!$B$6 -> 1538.5374 | AA10: =Calc_Current!$B$10*Y10/10*Calc_Current!$B$6*Calc_Current!$B$18/100 -> 25.65 | AB10: =Z10+AA10 -> 1564.1874 | AC10: =IF(F10,AB10*30/X10,NA()) -> 157.46853 | AD10: =IF(F10,AC10/Calc_Current!$B$48-1,NA()) -> 0.025757414 | AE10: =A10&" "&B10&"→"&C10 -> 看破 2→4 | AG10: 纳刀术
A11: {=INDEX($AG$2:$AG$11,ROUNDUP(ROW(A10)/7,0))} -> 看破 | B11: {=_xlfn.SWITCH(A11,"攻击",Input!$F$20,"看破",Input!$F$21,"弱点特效",Input!$F$22,"超会心",Input!$F$23,"挑战者",Input!$F$24,"无伤",Input!$F$25,"怨恨",Input!$F$26,"集中",Input!$F$27,"属性强化",Input!$F$28,"力量解放",Input!$F$29,"精神抖擞",Input!$F$30,"纳刀术",Input!$F$31)} -> 2 | C11: =B11+D11 -> 5 | D11: =MOD(ROW(A10)-1,7)+1 -> 3 | E11: =_xlfn.XLOOKUP(A11&"|0",Skills!$A:$A,Skills!$D:$D) -> 7 | F11: =AND(C11<=E11,_xlfn.XLOOKUP(A11&"|0",Skills!$A:$A,Skills!$F:$F)=TRUE) -> TRUE | G11: =IF($A11="攻击",$C11,Input!$F$20) -> 2 | H11: =IF($A11="看破",$C11,Input!$F$21) -> 5 | I11: =IF($A11="弱点特效",$C11,Input!$F$22) -> 1 | J11: =IF($A11="超会心",$C11,Input!$F$23) -> 1 | K11: =IF($A11="挑战者",$C11,Input!$F$24) -> 3 | L11: =IF($A11="无伤",$C11,Input!$F$25) -> 1 | M11: =IF($A11="怨恨",$C11,Input!$F$26) -> 0 | N11: =IF($A11="集中",$C11,Input!$F$27) -> 0 | O11: =IF($A11="属性强化",$C11,Input!$F$28) -> 0 | P11: =Input!$F$29 -> 0 | Q11: =Input!$F$30 -> 0 | R11: =IF($A11="纳刀术",$C11,Input!$F$31) -> 0 | S11: =(Calc_Current!$B$2+Calc_Current!$B$24+_xlfn.XLOOKUP("攻击|"&G11,Skills!$A:$A,Skills!$G:$G,0)+_xlfn.XLOOKUP("挑战者|"&K11,Skills!$A:$A,Skills!$G:$G,0)*Input!$B$10+_xlfn.XLOOKUP("无伤|"&L11,Skills!$A:$A,Skills!$G:$G,0)*Input!$B$11+_xlfn.XLOOKUP("怨恨|"&M11,Skills!$A:$A,Skills!$G:$G,0)*Input!$B$12)*Calc_Current!$B$26 -> 423.5 | T11: =Calc_Current!$B$3+_xlfn.XLOOKUP("攻击|"&G11,Skills!$A:$A,Skills!$I:$I,0)+_xlfn.XLOOKUP("看破|"&H11,Skills!$A:$A,Skills!$I:$I,0)+IF(Calc_Current!$B$21,IF(Input!$B$5,_xlfn.XLOOKUP("弱点特效|"&I11,Skills!$A:$A,Skills!$L:$L,0),_xlfn.XLOOKUP("弱点特效|"&I11,Skills!$A:$A,Skills!$K:$K,0))*Input!$B$9,0)+_xlfn.XLOOKUP("挑战者|"&K11,Skills!$A:$A,Skills!$I:$I,0)*Input!$B$10+_xlfn.XLOOKUP("力量解放|"&P11,Skills!$A:$A,Skills!$I:$I,0)*Input!$B$13+_xlfn.XLOOKUP("精神抖擞|"&Q11,Skills!$A:$A,Skills!$I:$I,0)*Input!$B$14 -> 0.0625 | U11: =MAX(-100%,MIN(100%,T11)) -> 0.0625 | V11: =_xlfn.XLOOKUP("超会心|"&J11,Skills!$A:$A,Skills!$J:$J,1.25) -> 1.3 | W11: =IF(U11>=0,1+U11*(V11-1),1+U11*0.25) -> 1.01875 | X11: =Calc_Current!$B$11-Calc_Current!$B$12*ROUNDDOWN(Calc_Current!$B$13*_xlfn.XLOOKUP("集中|"&N11,Skills!$A:$A,Skills!$M:$M,0),0)-Calc_Current!$B$14*_xlfn.XLOOKUP("纳刀术|"&R11,Skills!$A:$A,Skills!$N:$N,0) -> 298 | Y11: =IF(Calc_Current!$B$4=0,0,(Calc_Current!$B$4+_xlfn.XLOOKUP("属性强化|"&O11,Skills!$A:$A,Skills!$O:$O,0))*_xlfn.XLOOKUP("属性强化|"&O11,Skills!$A:$A,Skills!$P:$P,1)) -> 180 | Z11: =Calc_Current!$B$9/100*S11*Calc_Current!$B$5*Calc_Current!$B$20/100*W11*Input!$B$6 -> 1561.5293 | AA11: =Calc_Current!$B$10*Y11/10*Calc_Current!$B$6*Calc_Current!$B$18/100 -> 25.65 | AB11: =Z11+AA11 -> 1587.1793 | AC11: =IF(F11,AB11*30/X11,NA()) -> 159.78315 | AD11: =IF(F11,AC11/Calc_Current!$B$48-1,NA()) -> 0.040834924 | AE11: =A11&" "&B11&"→"&C11 -> 看破 2→5 | AG11: 属性强化
A12: {=INDEX($AG$2:$AG$11,ROUNDUP(ROW(A11)/7,0))} -> 看破 | B12: {=_xlfn.SWITCH(A12,"攻击",Input!$F$20,"看破",Input!$F$21,"弱点特效",Input!$F$22,"超会心",Input!$F$23,"挑战者",Input!$F$24,"无伤",Input!$F$25,"怨恨",Input!$F$26,"集中",Input!$F$27,"属性强化",Input!$F$28,"力量解放",Input!$F$29,"精神抖擞",Input!$F$30,"纳刀术",Input!$F$31)} -> 2 | C12: =B12+D12 -> 6 | D12: =MOD(ROW(A11)-1,7)+1 -> 4 | E12: =_xlfn.XLOOKUP(A12&"|0",Skills!$A:$A,Skills!$D:$D) -> 7 | F12: =AND(C12<=E12,_xlfn.XLOOKUP(A12&"|0",Skills!$A:$A,Skills!$F:$F)=TRUE) -> TRUE | G12: =IF($A12="攻击",$C12,Input!$F$20) -> 2 | H12: =IF($A12="看破",$C12,Input!$F$21) -> 6 | I12: =IF($A12="弱点特效",$C12,Input!$F$22) -> 1 | J12: =IF($A12="超会心",$C12,Input!$F$23) -> 1 | K12: =IF($A12="挑战者",$C12,Input!$F$24) -> 3 | L12: =IF($A12="无伤",$C12,Input!$F$25) -> 1 | M12: =IF($A12="怨恨",$C12,Input!$F$26) -> 0 | N12: =IF($A12="集中",$C12,Input!$F$27) -> 0 | O12: =IF($A12="属性强化",$C12,Input!$F$28) -> 0 | P12: =Input!$F$29 -> 0 | Q12: =Input!$F$30 -> 0 | R12: =IF($A12="纳刀术",$C12,Input!$F$31) -> 0 | S12: =(Calc_Current!$B$2+Calc_Current!$B$24+_xlfn.XLOOKUP("攻击|"&G12,Skills!$A:$A,Skills!$G:$G,0)+_xlfn.XLOOKUP("挑战者|"&K12,Skills!$A:$A,Skills!$G:$G,0)*Input!$B$10+_xlfn.XLOOKUP("无伤|"&L12,Skills!$A:$A,Skills!$G:$G,0)*Input!$B$11+_xlfn.XLOOKUP("怨恨|"&M12,Skills!$A:$A,Skills!$G:$G,0)*Input!$B$12)*Calc_Current!$B$26 -> 423.5 | T12: =Calc_Current!$B$3+_xlfn.XLOOKUP("攻击|"&G12,Skills!$A:$A,Skills!$I:$I,0)+_xlfn.XLOOKUP("看破|"&H12,Skills!$A:$A,Skills!$I:$I,0)+IF(Calc_Current!$B$21,IF(Input!$B$5,_xlfn.XLOOKUP("弱点特效|"&I12,Skills!$A:$A,Skills!$L:$L,0),_xlfn.XLOOKUP("弱点特效|"&I12,Skills!$A:$A,Skills!$K:$K,0))*Input!$B$9,0)+_xlfn.XLOOKUP("挑战者|"&K12,Skills!$A:$A,Skills!$I:$I,0)*Input!$B$10+_xlfn.XLOOKUP("力量解放|"&P12,Skills!$A:$A,Skills!$I:$I,0)*Input!$B$13+_xlfn.XLOOKUP("精神抖擞|"&Q12,Skills!$A:$A,Skills!$I:$I,0)*Input!$B$14 -> 0.1125 | U12: =MAX(-100%,MIN(100%,T12)) -> 0.1125 | V12: =_xlfn.XLOOKUP("超会心|"&J12,Skills!$A:$A,Skills!$J:$J,1.25) -> 1.3 | W12: =IF(U12>=0,1+U12*(V12-1),1+U12*0.25) -> 1.03375 | X12: =Calc_Current!$B$11-Calc_Current!$B$12*ROUNDDOWN(Calc_Current!$B$13*_xlfn.XLOOKUP("集中|"&N12,Skills!$A:$A,Skills!$M:$M,0),0)-Calc_Current!$B$14*_xlfn.XLOOKUP("纳刀术|"&R12,Skills!$A:$A,Skills!$N:$N,0) -> 298 | Y12: =IF(Calc_Current!$B$4=0,0,(Calc_Current!$B$4+_xlfn.XLOOKUP("属性强化|"&O12,Skills!$A:$A,Skills!$O:$O,0))*_xlfn.XLOOKUP("属性强化|"&O12,Skills!$A:$A,Skills!$P:$P,1)) -> 180 | Z12: =Calc_Current!$B$9/100*S12*Calc_Current!$B$5*Calc_Current!$B$20/100*W12*Input!$B$6 -> 1584.5211 | AA12: =Calc_Current!$B$10*Y12/10*Calc_Current!$B$6*Calc_Current!$B$18/100 -> 25.65 | AB12: =Z12+AA12 -> 1610.1711 | AC12: =IF(F12,AB12*30/X12,NA()) -> 162.09776 | AD12: =IF(F12,AC12/Calc_Current!$B$48-1,NA()) -> 0.055912435 | AE12: =A12&" "&B12&"→"&C12 -> 看破 2→6
A13: {=INDEX($AG$2:$AG$11,ROUNDUP(ROW(A12)/7,0))} -> 看破 | B13: {=_xlfn.SWITCH(A13,"攻击",Input!$F$20,"看破",Input!$F$21,"弱点特效",Input!$F$22,"超会心",Input!$F$23,"挑战者",Input!$F$24,"无伤",Input!$F$25,"怨恨",Input!$F$26,"集中",Input!$F$27,"属性强化",Input!$F$28,"力量解放",Input!$F$29,"精神抖擞",Input!$F$30,"纳刀术",Input!$F$31)} -> 2 | C13: =B13+D13 -> 7 | D13: =MOD(ROW(A12)-1,7)+1 -> 5 | E13: =_xlfn.XLOOKUP(A13&"|0",Skills!$A:$A,Skills!$D:$D) -> 7 | F13: =AND(C13<=E13,_xlfn.XLOOKUP(A13&"|0",Skills!$A:$A,Skills!$F:$F)=TRUE) -> TRUE | G13: =IF($A13="攻击",$C13,Input!$F$20) -> 2 | H13: =IF($A13="看破",$C13,Input!$F$21) -> 7 | I13: =IF($A13="弱点特效",$C13,Input!$F$22) -> 1 | J13: =IF($A13="超会心",$C13,Input!$F$23) -> 1 | K13: =IF($A13="挑战者",$C13,Input!$F$24) -> 3 | L13: =IF($A13="无伤",$C13,Input!$F$25) -> 1 | M13: =IF($A13="怨恨",$C13,Input!$F$26) -> 0 | N13: =IF($A13="集中",$C13,Input!$F$27) -> 0 | O13: =IF($A13="属性强化",$C13,Input!$F$28) -> 0 | P13: =Input!$F$29 -> 0 | Q13: =Input!$F$30 -> 0 | R13: =IF($A13="纳刀术",$C13,Input!$F$31) -> 0 | S13: =(Calc_Current!$B$2+Calc_Current!$B$24+_xlfn.XLOOKUP("攻击|"&G13,Skills!$A:$A,Skills!$G:$G,0)+_xlfn.XLOOKUP("挑战者|"&K13,Skills!$A:$A,Skills!$G:$G,0)*Input!$B$10+_xlfn.XLOOKUP("无伤|"&L13,Skills!$A:$A,Skills!$G:$G,0)*Input!$B$11+_xlfn.XLOOKUP("怨恨|"&M13,Skills!$A:$A,Skills!$G:$G,0)*Input!$B$12)*Calc_Current!$B$26 -> 423.5 | T13: =Calc_Current!$B$3+_xlfn.XLOOKUP("攻击|"&G13,Skills!$A:$A,Skills!$I:$I,0)+_xlfn.XLOOKUP("看破|"&H13,Skills!$A:$A,Skills!$I:$I,0)+IF(Calc_Current!$B$21,IF(Input!$B$5,_xlfn.XLOOKUP("弱点特效|"&I13,Skills!$A:$A,Skills!$L:$L,0),_xlfn.XLOOKUP("弱点特效|"&I13,Skills!$A:$A,Skills!$K:$K,0))*Input!$B$9,0)+_xlfn.XLOOKUP("挑战者|"&K13,Skills!$A:$A,Skills!$I:$I,0)*Input!$B$10+_xlfn.XLOOKUP("力量解放|"&P13,Skills!$A:$A,Skills!$I:$I,0)*Input!$B$13+_xlfn.XLOOKUP("精神抖擞|"&Q13,Skills!$A:$A,Skills!$I:$I,0)*Input!$B$14 -> 0.2125 | U13: =MAX(-100%,MIN(100%,T13)) -> 0.2125 | V13: =_xlfn.XLOOKUP("超会心|"&J13,Skills!$A:$A,Skills!$J:$J,1.25) -> 1.3 | W13: =IF(U13>=0,1+U13*(V13-1),1+U13*0.25) -> 1.06375 | X13: =Calc_Current!$B$11-Calc_Current!$B$12*ROUNDDOWN(Calc_Current!$B$13*_xlfn.XLOOKUP("集中|"&N13,Skills!$A:$A,Skills!$M:$M,0),0)-Calc_Current!$B$14*_xlfn.XLOOKUP("纳刀术|"&R13,Skills!$A:$A,Skills!$N:$N,0) -> 298 | Y13: =IF(Calc_Current!$B$4=0,0,(Calc_Current!$B$4+_xlfn.XLOOKUP("属性强化|"&O13,Skills!$A:$A,Skills!$O:$O,0))*_xlfn.XLOOKUP("属性强化|"&O13,Skills!$A:$A,Skills!$P:$P,1)) -> 180 | Z13: =Calc_Current!$B$9/100*S13*Calc_Current!$B$5*Calc_Current!$B$20/100*W13*Input!$B$6 -> 1630.5048 | AA13: =Calc_Current!$B$10*Y13/10*Calc_Current!$B$6*Calc_Current!$B$18/100 -> 25.65 | AB13: =Z13+AA13 -> 1656.1548 | AC13: =IF(F13,AB13*30/X13,NA()) -> 166.72699 | AD13: =IF(F13,AC13/Calc_Current!$B$48-1,NA()) -> 0.086067456 | AE13: =A13&" "&B13&"→"&C13 -> 看破 2→7
A14: {=INDEX($AG$2:$AG$11,ROUNDUP(ROW(A13)/7,0))} -> 看破 | B14: {=_xlfn.SWITCH(A14,"攻击",Input!$F$20,"看破",Input!$F$21,"弱点特效",Input!$F$22,"超会心",Input!$F$23,"挑战者",Input!$F$24,"无伤",Input!$F$25,"怨恨",Input!$F$26,"集中",Input!$F$27,"属性强化",Input!$F$28,"力量解放",Input!$F$29,"精神抖擞",Input!$F$30,"纳刀术",Input!$F$31)} -> 2 | C14: =B14+D14 -> 8 | D14: =MOD(ROW(A13)-1,7)+1 -> 6 | E14: =_xlfn.XLOOKUP(A14&"|0",Skills!$A:$A,Skills!$D:$D) -> 7 | F14: =AND(C14<=E14,_xlfn.XLOOKUP(A14&"|0",Skills!$A:$A,Skills!$F:$F)=TRUE) -> FALSE | G14: =IF($A14="攻击",$C14,Input!$F$20) -> 2 | H14: =IF($A14="看破",$C14,Input!$F$21) -> 8 | I14: =IF($A14="弱点特效",$C14,Input!$F$22) -> 1 | J14: =IF($A14="超会心",$C14,Input!$F$23) -> 1 | K14: =IF($A14="挑战者",$C14,Input!$F$24) -> 3 | L14: =IF($A14="无伤",$C14,Input!$F$25) -> 1 | M14: =IF($A14="怨恨",$C14,Input!$F$26) -> 0 | N14: =IF($A14="集中",$C14,Input!$F$27) -> 0 | O14: =IF($A14="属性强化",$C14,Input!$F$28) -> 0 | P14: =Input!$F$29 -> 0 | Q14: =Input!$F$30 -> 0 | R14: =IF($A14="纳刀术",$C14,Input!$F$31) -> 0 | S14: =(Calc_Current!$B$2+Calc_Current!$B$24+_xlfn.XLOOKUP("攻击|"&G14,Skills!$A:$A,Skills!$G:$G,0)+_xlfn.XLOOKUP("挑战者|"&K14,Skills!$A:$A,Skills!$G:$G,0)*Input!$B$10+_xlfn.XLOOKUP("无伤|"&L14,Skills!$A:$A,Skills!$G:$G,0)*Input!$B$11+_xlfn.XLOOKUP("怨恨|"&M14,Skills!$A:$A,Skills!$G:$G,0)*Input!$B$12)*Calc_Current!$B$26 -> 423.5 | T14: =Calc_Current!$B$3+_xlfn.XLOOKUP("攻击|"&G14,Skills!$A:$A,Skills!$I:$I,0)+_xlfn.XLOOKUP("看破|"&H14,Skills!$A:$A,Skills!$I:$I,0)+IF(Calc_Current!$B$21,IF(Input!$B$5,_xlfn.XLOOKUP("弱点特效|"&I14,Skills!$A:$A,Skills!$L:$L,0),_xlfn.XLOOKUP("弱点特效|"&I14,Skills!$A:$A,Skills!$K:$K,0))*Input!$B$9,0)+_xlfn.XLOOKUP("挑战者|"&K14,Skills!$A:$A,Skills!$I:$I,0)*Input!$B$10+_xlfn.XLOOKUP("力量解放|"&P14,Skills!$A:$A,Skills!$I:$I,0)*Input!$B$13+_xlfn.XLOOKUP("精神抖擞|"&Q14,Skills!$A:$A,Skills!$I:$I,0)*Input!$B$14 -> -0.1875 | U14: =MAX(-100%,MIN(100%,T14)) -> -0.1875 | V14: =_xlfn.XLOOKUP("超会心|"&J14,Skills!$A:$A,Skills!$J:$J,1.25) -> 1.3 | W14: =IF(U14>=0,1+U14*(V14-1),1+U14*0.25) -> 0.953125 | X14: =Calc_Current!$B$11-Calc_Current!$B$12*ROUNDDOWN(Calc_Current!$B$13*_xlfn.XLOOKUP("集中|"&N14,Skills!$A:$A,Skills!$M:$M,0),0)-Calc_Current!$B$14*_xlfn.XLOOKUP("纳刀术|"&R14,Skills!$A:$A,Skills!$N:$N,0) -> 298 | Y14: =IF(Calc_Current!$B$4=0,0,(Calc_Current!$B$4+_xlfn.XLOOKUP("属性强化|"&O14,Skills!$A:$A,Skills!$O:$O,0))*_xlfn.XLOOKUP("属性强化|"&O14,Skills!$A:$A,Skills!$P:$P,1)) -> 180 | Z14: =Calc_Current!$B$9/100*S14*Calc_Current!$B$5*Calc_Current!$B$20/100*W14*Input!$B$6 -> 1460.94 | AA14: =Calc_Current!$B$10*Y14/10*Calc_Current!$B$6*Calc_Current!$B$18/100 -> 25.65 | AB14: =Z14+AA14 -> 1486.59 | AC14: =IF(F14,AB14*30/X14,NA()) -> #N/A | AD14: =IF(F14,AC14/Calc_Current!$B$48-1,NA()) -> #N/A | AE14: =A14&" "&B14&"→"&C14 -> 看破 2→8
A15: {=INDEX($AG$2:$AG$11,ROUNDUP(ROW(A14)/7,0))} -> 看破 | B15: {=_xlfn.SWITCH(A15,"攻击",Input!$F$20,"看破",Input!$F$21,"弱点特效",Input!$F$22,"超会心",Input!$F$23,"挑战者",Input!$F$24,"无伤",Input!$F$25,"怨恨",Input!$F$26,"集中",Input!$F$27,"属性强化",Input!$F$28,"力量解放",Input!$F$29,"精神抖擞",Input!$F$30,"纳刀术",Input!$F$31)} -> 2 | C15: =B15+D15 -> 9 | D15: =MOD(ROW(A14)-1,7)+1 -> 7 | E15: =_xlfn.XLOOKUP(A15&"|0",Skills!$A:$A,Skills!$D:$D) -> 7 | F15: =AND(C15<=E15,_xlfn.XLOOKUP(A15&"|0",Skills!$A:$A,Skills!$F:$F)=TRUE) -> FALSE | G15: =IF($A15="攻击",$C15,Input!$F$20) -> 2 | H15: =IF($A15="看破",$C15,Input!$F$21) -> 9 | I15: =IF($A15="弱点特效",$C15,Input!$F$22) -> 1 | J15: =IF($A15="超会心",$C15,Input!$F$23) -> 1 | K15: =IF($A15="挑战者",$C15,Input!$F$24) -> 3 | L15: =IF($A15="无伤",$C15,Input!$F$25) -> 1 | M15: =IF($A15="怨恨",$C15,Input!$F$26) -> 0 | N15: =IF($A15="集中",$C15,Input!$F$27) -> 0 | O15: =IF($A15="属性强化",$C15,Input!$F$28) -> 0 | P15: =Input!$F$29 -> 0 | Q15: =Input!$F$30 -> 0 | R15: =IF($A15="纳刀术",$C15,Input!$F$31) -> 0 | S15: =(Calc_Current!$B$2+Calc_Current!$B$24+_xlfn.XLOOKUP("攻击|"&G15,Skills!$A:$A,Skills!$G:$G,0)+_xlfn.XLOOKUP("挑战者|"&K15,Skills!$A:$A,Skills!$G:$G,0)*Input!$B$10+_xlfn.XLOOKUP("无伤|"&L15,Skills!$A:$A,Skills!$G:$G,0)*Input!$B$11+_xlfn.XLOOKUP("怨恨|"&M15,Skills!$A:$A,Skills!$G:$G,0)*Input!$B$12)*Calc_Current!$B$26 -> 423.5 | T15: =Calc_Current!$B$3+_xlfn.XLOOKUP("攻击|"&G15,Skills!$A:$A,Skills!$I:$I,0)+_xlfn.XLOOKUP("看破|"&H15,Skills!$A:$A,Skills!$I:$I,0)+IF(Calc_Current!$B$21,IF(Input!$B$5,_xlfn.XLOOKUP("弱点特效|"&I15,Skills!$A:$A,Skills!$L:$L,0),_xlfn.XLOOKUP("弱点特效|"&I15,Skills!$A:$A,Skills!$K:$K,0))*Input!$B$9,0)+_xlfn.XLOOKUP("挑战者|"&K15,Skills!$A:$A,Skills!$I:$I,0)*Input!$B$10+_xlfn.XLOOKUP("力量解放|"&P15,Skills!$A:$A,Skills!$I:$I,0)*Input!$B$13+_xlfn.XLOOKUP("精神抖擞|"&Q15,Skills!$A:$A,Skills!$I:$I,0)*Input!$B$14 -> -0.1875 | U15: =MAX(-100%,MIN(100%,T15)) -> -0.1875 | V15: =_xlfn.XLOOKUP("超会心|"&J15,Skills!$A:$A,Skills!$J:$J,1.25) -> 1.3 | W15: =IF(U15>=0,1+U15*(V15-1),1+U15*0.25) -> 0.953125 | X15: =Calc_Current!$B$11-Calc_Current!$B$12*ROUNDDOWN(Calc_Current!$B$13*_xlfn.XLOOKUP("集中|"&N15,Skills!$A:$A,Skills!$M:$M,0),0)-Calc_Current!$B$14*_xlfn.XLOOKUP("纳刀术|"&R15,Skills!$A:$A,Skills!$N:$N,0) -> 298 | Y15: =IF(Calc_Current!$B$4=0,0,(Calc_Current!$B$4+_xlfn.XLOOKUP("属性强化|"&O15,Skills!$A:$A,Skills!$O:$O,0))*_xlfn.XLOOKUP("属性强化|"&O15,Skills!$A:$A,Skills!$P:$P,1)) -> 180 | Z15: =Calc_Current!$B$9/100*S15*Calc_Current!$B$5*Calc_Current!$B$20/100*W15*Input!$B$6 -> 1460.94 | AA15: =Calc_Current!$B$10*Y15/10*Calc_Current!$B$6*Calc_Current!$B$18/100 -> 25.65 | AB15: =Z15+AA15 -> 1486.59 | AC15: =IF(F15,AB15*30/X15,NA()) -> #N/A | AD15: =IF(F15,AC15/Calc_Current!$B$48-1,NA()) -> #N/A | AE15: =A15&" "&B15&"→"&C15 -> 看破 2→9
A16: {=INDEX($AG$2:$AG$11,ROUNDUP(ROW(A15)/7,0))} -> 弱点特效 | B16: {=_xlfn.SWITCH(A16,"攻击",Input!$F$20,"看破",Input!$F$21,"弱点特效",Input!$F$22,"超会心",Input!$F$23,"挑战者",Input!$F$24,"无伤",Input!$F$25,"怨恨",Input!$F$26,"集中",Input!$F$27,"属性强化",Input!$F$28,"力量解放",Input!$F$29,"精神抖擞",Input!$F$30,"纳刀术",Input!$F$31)} -> 1 | C16: =B16+D16 -> 2 | D16: =MOD(ROW(A15)-1,7)+1 -> 1 | E16: =_xlfn.XLOOKUP(A16&"|0",Skills!$A:$A,Skills!$D:$D) -> 3 | F16: =AND(C16<=E16,_xlfn.XLOOKUP(A16&"|0",Skills!$A:$A,Skills!$F:$F)=TRUE) -> TRUE | G16: =IF($A16="攻击",$C16,Input!$F$20) -> 2 | H16: =IF($A16="看破",$C16,Input!$F$21) -> 2 | I16: =IF($A16="弱点特效",$C16,Input!$F$22) -> 2 | J16: =IF($A16="超会心",$C16,Input!$F$23) -> 1 | K16: =IF($A16="挑战者",$C16,Input!$F$24) -> 3 | L16: =IF($A16="无伤",$C16,Input!$F$25) -> 1 | M16: =IF($A16="怨恨",$C16,Input!$F$26) -> 0 | N16: =IF($A16="集中",$C16,Input!$F$27) -> 0 | O16: =IF($A16="属性强化",$C16,Input!$F$28) -> 0 | P16: =Input!$F$29 -> 0 | Q16: =Input!$F$30 -> 0 | R16: =IF($A16="纳刀术",$C16,Input!$F$31) -> 0 | S16: =(Calc_Current!$B$2+Calc_Current!$B$24+_xlfn.XLOOKUP("攻击|"&G16,Skills!$A:$A,Skills!$G:$G,0)+_xlfn.XLOOKUP("挑战者|"&K16,Skills!$A:$A,Skills!$G:$G,0)*Input!$B$10+_xlfn.XLOOKUP("无伤|"&L16,Skills!$A:$A,Skills!$G:$G,0)*Input!$B$11+_xlfn.XLOOKUP("怨恨|"&M16,Skills!$A:$A,Skills!$G:$G,0)*Input!$B$12)*Calc_Current!$B$26 -> 423.5 | T16: =Calc_Current!$B$3+_xlfn.XLOOKUP("攻击|"&G16,Skills!$A:$A,Skills!$I:$I,0)+_xlfn.XLOOKUP("看破|"&H16,Skills!$A:$A,Skills!$I:$I,0)+IF(Calc_Current!$B$21,IF(Input!$B$5,_xlfn.XLOOKUP("弱点特效|"&I16,Skills!$A:$A,Skills!$L:$L,0),_xlfn.XLOOKUP("弱点特效|"&I16,Skills!$A:$A,Skills!$K:$K,0))*Input!$B$9,0)+_xlfn.XLOOKUP("挑战者|"&K16,Skills!$A:$A,Skills!$I:$I,0)*Input!$B$10+_xlfn.XLOOKUP("力量解放|"&P16,Skills!$A:$A,Skills!$I:$I,0)*Input!$B$13+_xlfn.XLOOKUP("精神抖擞|"&Q16,Skills!$A:$A,Skills!$I:$I,0)*Input!$B$14 -> -0.0575 | U16: =MAX(-100%,MIN(100%,T16)) -> -0.0575 | V16: =_xlfn.XLOOKUP("超会心|"&J16,Skills!$A:$A,Skills!$J:$J,1.25) -> 1.3 | W16: =IF(U16>=0,1+U16*(V16-1),1+U16*0.25) -> 0.985625 | X16: =Calc_Current!$B$11-Calc_Current!$B$12*ROUNDDOWN(Calc_Current!$B$13*_xlfn.XLOOKUP("集中|"&N16,Skills!$A:$A,Skills!$M:$M,0),0)-Calc_Current!$B$14*_xlfn.XLOOKUP("纳刀术|"&R16,Skills!$A:$A,Skills!$N:$N,0) -> 298 | Y16: =IF(Calc_Current!$B$4=0,0,(Calc_Current!$B$4+_xlfn.XLOOKUP("属性强化|"&O16,Skills!$A:$A,Skills!$O:$O,0))*_xlfn.XLOOKUP("属性强化|"&O16,Skills!$A:$A,Skills!$P:$P,1)) -> 180 | Z16: =Calc_Current!$B$9/100*S16*Calc_Current!$B$5*Calc_Current!$B$20/100*W16*Input!$B$6 -> 1510.7556 | AA16: =Calc_Current!$B$10*Y16/10*Calc_Current!$B$6*Calc_Current!$B$18/100 -> 25.65 | AB16: =Z16+AA16 -> 1536.4056 | AC16: =IF(F16,AB16*30/X16,NA()) -> 154.67171 | AD16: =IF(F16,AC16/Calc_Current!$B$48-1,NA()) -> 0.0075387553 | AE16: =A16&" "&B16&"→"&C16 -> 弱点特效 1→2
A17: {=INDEX($AG$2:$AG$11,ROUNDUP(ROW(A16)/7,0))} -> 弱点特效 | B17: {=_xlfn.SWITCH(A17,"攻击",Input!$F$20,"看破",Input!$F$21,"弱点特效",Input!$F$22,"超会心",Input!$F$23,"挑战者",Input!$F$24,"无伤",Input!$F$25,"怨恨",Input!$F$26,"集中",Input!$F$27,"属性强化",Input!$F$28,"力量解放",Input!$F$29,"精神抖擞",Input!$F$30,"纳刀术",Input!$F$31)} -> 1 | C17: =B17+D17 -> 3 | D17: =MOD(ROW(A16)-1,7)+1 -> 2 | E17: =_xlfn.XLOOKUP(A17&"|0",Skills!$A:$A,Skills!$D:$D) -> 3 | F17: =AND(C17<=E17,_xlfn.XLOOKUP(A17&"|0",Skills!$A:$A,Skills!$F:$F)=TRUE) -> TRUE | G17: =IF($A17="攻击",$C17,Input!$F$20) -> 2 | H17: =IF($A17="看破",$C17,Input!$F$21) -> 2 | I17: =IF($A17="弱点特效",$C17,Input!$F$22) -> 3 | J17: =IF($A17="超会心",$C17,Input!$F$23) -> 1 | K17: =IF($A17="挑战者",$C17,Input!$F$24) -> 3 | L17: =IF($A17="无伤",$C17,Input!$F$25) -> 1 | M17: =IF($A17="怨恨",$C17,Input!$F$26) -> 0 | N17: =IF($A17="集中",$C17,Input!$F$27) -> 0 | O17: =IF($A17="属性强化",$C17,Input!$F$28) -> 0 | P17: =Input!$F$29 -> 0 | Q17: =Input!$F$30 -> 0 | R17: =IF($A17="纳刀术",$C17,Input!$F$31) -> 0 | S17: =(Calc_Current!$B$2+Calc_Current!$B$24+_xlfn.XLOOKUP("攻击|"&G17,Skills!$A:$A,Skills!$G:$G,0)+_xlfn.XLOOKUP("挑战者|"&K17,Skills!$A:$A,Skills!$G:$G,0)*Input!$B$10+_xlfn.XLOOKUP("无伤|"&L17,Skills!$A:$A,Skills!$G:$G,0)*Input!$B$11+_xlfn.XLOOKUP("怨恨|"&M17,Skills!$A:$A,Skills!$G:$G,0)*Input!$B$12)*Calc_Current!$B$26 -> 423.5 | T17: =Calc_Current!$B$3+_xlfn.XLOOKUP("攻击|"&G17,Skills!$A:$A,Skills!$I:$I,0)+_xlfn.XLOOKUP("看破|"&H17,Skills!$A:$A,Skills!$I:$I,0)+IF(Calc_Current!$B$21,IF(Input!$B$5,_xlfn.XLOOKUP("弱点特效|"&I17,Skills!$A:$A,Skills!$L:$L,0),_xlfn.XLOOKUP("弱点特效|"&I17,Skills!$A:$A,Skills!$K:$K,0))*Input!$B$9,0)+_xlfn.XLOOKUP("挑战者|"&K17,Skills!$A:$A,Skills!$I:$I,0)*Input!$B$10+_xlfn.XLOOKUP("力量解放|"&P17,Skills!$A:$A,Skills!$I:$I,0)*Input!$B$13+_xlfn.XLOOKUP("精神抖擞|"&Q17,Skills!$A:$A,Skills!$I:$I,0)*Input!$B$14 -> 0.0325 | U17: =MAX(-100%,MIN(100%,T17)) -> 0.0325 | V17: =_xlfn.XLOOKUP("超会心|"&J17,Skills!$A:$A,Skills!$J:$J,1.25) -> 1.3 | W17: =IF(U17>=0,1+U17*(V17-1),1+U17*0.25) -> 1.00975 | X17: =Calc_Current!$B$11-Calc_Current!$B$12*ROUNDDOWN(Calc_Current!$B$13*_xlfn.XLOOKUP("集中|"&N17,Skills!$A:$A,Skills!$M:$M,0),0)-Calc_Current!$B$14*_xlfn.XLOOKUP("纳刀术|"&R17,Skills!$A:$A,Skills!$N:$N,0) -> 298 | Y17: =IF(Calc_Current!$B$4=0,0,(Calc_Current!$B$4+_xlfn.XLOOKUP("属性强化|"&O17,Skills!$A:$A,Skills!$O:$O,0))*_xlfn.XLOOKUP("属性强化|"&O17,Skills!$A:$A,Skills!$P:$P,1)) -> 180 | Z17: =Calc_Current!$B$9/100*S17*Calc_Current!$B$5*Calc_Current!$B$20/100*W17*Input!$B$6 -> 1547.7342 | AA17: =Calc_Current!$B$10*Y17/10*Calc_Current!$B$6*Calc_Current!$B$18/100 -> 25.65 | AB17: =Z17+AA17 -> 1573.3842 | AC17: =IF(F17,AB17*30/X17,NA()) -> 158.39438 | AD17: =IF(F17,AC17/Calc_Current!$B$48-1,NA()) -> 0.031788418 | AE17: =A17&" "&B17&"→"&C17 -> 弱点特效 1→3
A18: {=INDEX($AG$2:$AG$11,ROUNDUP(ROW(A17)/7,0))} -> 弱点特效 | B18: {=_xlfn.SWITCH(A18,"攻击",Input!$F$20,"看破",Input!$F$21,"弱点特效",Input!$F$22,"超会心",Input!$F$23,"挑战者",Input!$F$24,"无伤",Input!$F$25,"怨恨",Input!$F$26,"集中",Input!$F$27,"属性强化",Input!$F$28,"力量解放",Input!$F$29,"精神抖擞",Input!$F$30,"纳刀术",Input!$F$31)} -> 1 | C18: =B18+D18 -> 4 | D18: =MOD(ROW(A17)-1,7)+1 -> 3 | E18: =_xlfn.XLOOKUP(A18&"|0",Skills!$A:$A,Skills!$D:$D) -> 3 | F18: =AND(C18<=E18,_xlfn.XLOOKUP(A18&"|0",Skills!$A:$A,Skills!$F:$F)=TRUE) -> FALSE | G18: =IF($A18="攻击",$C18,Input!$F$20) -> 2 | H18: =IF($A18="看破",$C18,Input!$F$21) -> 2 | I18: =IF($A18="弱点特效",$C18,Input!$F$22) -> 4 | J18: =IF($A18="超会心",$C18,Input!$F$23) -> 1 | K18: =IF($A18="挑战者",$C18,Input!$F$24) -> 3 | L18: =IF($A18="无伤",$C18,Input!$F$25) -> 1 | M18: =IF($A18="怨恨",$C18,Input!$F$26) -> 0 | N18: =IF($A18="集中",$C18,Input!$F$27) -> 0 | O18: =IF($A18="属性强化",$C18,Input!$F$28) -> 0 | P18: =Input!$F$29 -> 0 | Q18: =Input!$F$30 -> 0 | R18: =IF($A18="纳刀术",$C18,Input!$F$31) -> 0 | S18: =(Calc_Current!$B$2+Calc_Current!$B$24+_xlfn.XLOOKUP("攻击|"&G18,Skills!$A:$A,Skills!$G:$G,0)+_xlfn.XLOOKUP("挑战者|"&K18,Skills!$A:$A,Skills!$G:$G,0)*Input!$B$10+_xlfn.XLOOKUP("无伤|"&L18,Skills!$A:$A,Skills!$G:$G,0)*Input!$B$11+_xlfn.XLOOKUP("怨恨|"&M18,Skills!$A:$A,Skills!$G:$G,0)*Input!$B$12)*Calc_Current!$B$26 -> 423.5 | T18: =Calc_Current!$B$3+_xlfn.XLOOKUP("攻击|"&G18,Skills!$A:$A,Skills!$I:$I,0)+_xlfn.XLOOKUP("看破|"&H18,Skills!$A:$A,Skills!$I:$I,0)+IF(Calc_Current!$B$21,IF(Input!$B$5,_xlfn.XLOOKUP("弱点特效|"&I18,Skills!$A:$A,Skills!$L:$L,0),_xlfn.XLOOKUP("弱点特效|"&I18,Skills!$A:$A,Skills!$K:$K,0))*Input!$B$9,0)+_xlfn.XLOOKUP("挑战者|"&K18,Skills!$A:$A,Skills!$I:$I,0)*Input!$B$10+_xlfn.XLOOKUP("力量解放|"&P18,Skills!$A:$A,Skills!$I:$I,0)*Input!$B$13+_xlfn.XLOOKUP("精神抖擞|"&Q18,Skills!$A:$A,Skills!$I:$I,0)*Input!$B$14 -> -0.1475 | U18: =MAX(-100%,MIN(100%,T18)) -> -0.1475 | V18: =_xlfn.XLOOKUP("超会心|"&J18,Skills!$A:$A,Skills!$J:$J,1.25) -> 1.3 | W18: =IF(U18>=0,1+U18*(V18-1),1+U18*0.25) -> 0.963125 | X18: =Calc_Current!$B$11-Calc_Current!$B$12*ROUNDDOWN(Calc_Current!$B$13*_xlfn.XLOOKUP("集中|"&N18,Skills!$A:$A,Skills!$M:$M,0),0)-Calc_Current!$B$14*_xlfn.XLOOKUP("纳刀术|"&R18,Skills!$A:$A,Skills!$N:$N,0) -> 298 | Y18: =IF(Calc_Current!$B$4=0,0,(Calc_Current!$B$4+_xlfn.XLOOKUP("属性强化|"&O18,Skills!$A:$A,Skills!$O:$O,0))*_xlfn.XLOOKUP("属性强化|"&O18,Skills!$A:$A,Skills!$P:$P,1)) -> 180 | Z18: =Calc_Current!$B$9/100*S18*Calc_Current!$B$5*Calc_Current!$B$20/100*W18*Input!$B$6 -> 1476.2679 | AA18: =Calc_Current!$B$10*Y18/10*Calc_Current!$B$6*Calc_Current!$B$18/100 -> 25.65 | AB18: =Z18+AA18 -> 1501.9179 | AC18: =IF(F18,AB18*30/X18,NA()) -> #N/A | AD18: =IF(F18,AC18/Calc_Current!$B$48-1,NA()) -> #N/A | AE18: =A18&" "&B18&"→"&C18 -> 弱点特效 1→4
A19: {=INDEX($AG$2:$AG$11,ROUNDUP(ROW(A18)/7,0))} -> 弱点特效 | B19: {=_xlfn.SWITCH(A19,"攻击",Input!$F$20,"看破",Input!$F$21,"弱点特效",Input!$F$22,"超会心",Input!$F$23,"挑战者",Input!$F$24,"无伤",Input!$F$25,"怨恨",Input!$F$26,"集中",Input!$F$27,"属性强化",Input!$F$28,"力量解放",Input!$F$29,"精神抖擞",Input!$F$30,"纳刀术",Input!$F$31)} -> 1 | C19: =B19+D19 -> 5 | D19: =MOD(ROW(A18)-1,7)+1 -> 4 | E19: =_xlfn.XLOOKUP(A19&"|0",Skills!$A:$A,Skills!$D:$D) -> 3 | F19: =AND(C19<=E19,_xlfn.XLOOKUP(A19&"|0",Skills!$A:$A,Skills!$F:$F)=TRUE) -> FALSE | G19: =IF($A19="攻击",$C19,Input!$F$20) -> 2 | H19: =IF($A19="看破",$C19,Input!$F$21) -> 2 | I19: =IF($A19="弱点特效",$C19,Input!$F$22) -> 5 | J19: =IF($A19="超会心",$C19,Input!$F$23) -> 1 | K19: =IF($A19="挑战者",$C19,Input!$F$24) -> 3 | L19: =IF($A19="无伤",$C19,Input!$F$25) -> 1 | M19: =IF($A19="怨恨",$C19,Input!$F$26) -> 0 | N19: =IF($A19="集中",$C19,Input!$F$27) -> 0 | O19: =IF($A19="属性强化",$C19,Input!$F$28) -> 0 | P19: =Input!$F$29 -> 0 | Q19: =Input!$F$30 -> 0 | R19: =IF($A19="纳刀术",$C19,Input!$F$31) -> 0 | S19: =(Calc_Current!$B$2+Calc_Current!$B$24+_xlfn.XLOOKUP("攻击|"&G19,Skills!$A:$A,Skills!$G:$G,0)+_xlfn.XLOOKUP("挑战者|"&K19,Skills!$A:$A,Skills!$G:$G,0)*Input!$B$10+_xlfn.XLOOKUP("无伤|"&L19,Skills!$A:$A,Skills!$G:$G,0)*Input!$B$11+_xlfn.XLOOKUP("怨恨|"&M19,Skills!$A:$A,Skills!$G:$G,0)*Input!$B$12)*Calc_Current!$B$26 -> 423.5 | T19: =Calc_Current!$B$3+_xlfn.XLOOKUP("攻击|"&G19,Skills!$A:$A,Skills!$I:$I,0)+_xlfn.XLOOKUP("看破|"&H19,Skills!$A:$A,Skills!$I:$I,0)+IF(Calc_Current!$B$21,IF(Input!$B$5,_xlfn.XLOOKUP("弱点特效|"&I19,Skills!$A:$A,Skills!$L:$L,0),_xlfn.XLOOKUP("弱点特效|"&I19,Skills!$A:$A,Skills!$K:$K,0))*Input!$B$9,0)+_xlfn.XLOOKUP("挑战者|"&K19,Skills!$A:$A,Skills!$I:$I,0)*Input!$B$10+_xlfn.XLOOKUP("力量解放|"&P19,Skills!$A:$A,Skills!$I:$I,0)*Input!$B$13+_xlfn.XLOOKUP("精神抖擞|"&Q19,Skills!$A:$A,Skills!$I:$I,0)*Input!$B$14 -> -0.1475 | U19: =MAX(-100%,MIN(100%,T19)) -> -0.1475 | V19: =_xlfn.XLOOKUP("超会心|"&J19,Skills!$A:$A,Skills!$J:$J,1.25) -> 1.3 | W19: =IF(U19>=0,1+U19*(V19-1),1+U19*0.25) -> 0.963125 | X19: =Calc_Current!$B$11-Calc_Current!$B$12*ROUNDDOWN(Calc_Current!$B$13*_xlfn.XLOOKUP("集中|"&N19,Skills!$A:$A,Skills!$M:$M,0),0)-Calc_Current!$B$14*_xlfn.XLOOKUP("纳刀术|"&R19,Skills!$A:$A,Skills!$N:$N,0) -> 298 | Y19: =IF(Calc_Current!$B$4=0,0,(Calc_Current!$B$4+_xlfn.XLOOKUP("属性强化|"&O19,Skills!$A:$A,Skills!$O:$O,0))*_xlfn.XLOOKUP("属性强化|"&O19,Skills!$A:$A,Skills!$P:$P,1)) -> 180 | Z19: =Calc_Current!$B$9/100*S19*Calc_Current!$B$5*Calc_Current!$B$20/100*W19*Input!$B$6 -> 1476.2679 | AA19: =Calc_Current!$B$10*Y19/10*Calc_Current!$B$6*Calc_Current!$B$18/100 -> 25.65 | AB19: =Z19+AA19 -> 1501.9179 | AC19: =IF(F19,AB19*30/X19,NA()) -> #N/A | AD19: =IF(F19,AC19/Calc_Current!$B$48-1,NA()) -> #N/A | AE19: =A19&" "&B19&"→"&C19 -> 弱点特效 1→5
A20: {=INDEX($AG$2:$AG$11,ROUNDUP(ROW(A19)/7,0))} -> 弱点特效 | B20: {=_xlfn.SWITCH(A20,"攻击",Input!$F$20,"看破",Input!$F$21,"弱点特效",Input!$F$22,"超会心",Input!$F$23,"挑战者",Input!$F$24,"无伤",Input!$F$25,"怨恨",Input!$F$26,"集中",Input!$F$27,"属性强化",Input!$F$28,"力量解放",Input!$F$29,"精神抖擞",Input!$F$30,"纳刀术",Input!$F$31)} -> 1 | C20: =B20+D20 -> 6 | D20: =MOD(ROW(A19)-1,7)+1 -> 5 | E20: =_xlfn.XLOOKUP(A20&"|0",Skills!$A:$A,Skills!$D:$D) -> 3 | F20: =AND(C20<=E20,_xlfn.XLOOKUP(A20&"|0",Skills!$A:$A,Skills!$F:$F)=TRUE) -> FALSE | G20: =IF($A20="攻击",$C20,Input!$F$20) -> 2 | H20: =IF($A20="看破",$C20,Input!$F$21) -> 2 | I20: =IF($A20="弱点特效",$C20,Input!$F$22) -> 6 | J20: =IF($A20="超会心",$C20,Input!$F$23) -> 1 | K20: =IF($A20="挑战者",$C20,Input!$F$24) -> 3 | L20: =IF($A20="无伤",$C20,Input!$F$25) -> 1 | M20: =IF($A20="怨恨",$C20,Input!$F$26) -> 0 | N20: =IF($A20="集中",$C20,Input!$F$27) -> 0 | O20: =IF($A20="属性强化",$C20,Input!$F$28) -> 0 | P20: =Input!$F$29 -> 0 | Q20: =Input!$F$30 -> 0 | R20: =IF($A20="纳刀术",$C20,Input!$F$31) -> 0 | S20: =(Calc_Current!$B$2+Calc_Current!$B$24+_xlfn.XLOOKUP("攻击|"&G20,Skills!$A:$A,Skills!$G:$G,0)+_xlfn.XLOOKUP("挑战者|"&K20,Skills!$A:$A,Skills!$G:$G,0)*Input!$B$10+_xlfn.XLOOKUP("无伤|"&L20,Skills!$A:$A,Skills!$G:$G,0)*Input!$B$11+_xlfn.XLOOKUP("怨恨|"&M20,Skills!$A:$A,Skills!$G:$G,0)*Input!$B$12)*Calc_Current!$B$26 -> 423.5 | T20: =Calc_Current!$B$3+_xlfn.XLOOKUP("攻击|"&G20,Skills!$A:$A,Skills!$I:$I,0)+_xlfn.XLOOKUP("看破|"&H20,Skills!$A:$A,Skills!$I:$I,0)+IF(Calc_Current!$B$21,IF(Input!$B$5,_xlfn.XLOOKUP("弱点特效|"&I20,Skills!$A:$A,Skills!$L:$L,0),_xlfn.XLOOKUP("弱点特效|"&I20,Skills!$A:$A,Skills!$K:$K,0))*Input!$B$9,0)+_xlfn.XLOOKUP("挑战者|"&K20,Skills!$A:$A,Skills!$I:$I,0)*Input!$B$10+_xlfn.XLOOKUP("力量解放|"&P20,Skills!$A:$A,Skills!$I:$I,0)*Input!$B$13+_xlfn.XLOOKUP("精神抖擞|"&Q20,Skills!$A:$A,Skills!$I:$I,0)*Input!$B$14 -> -0.1475 | U20: =MAX(-100%,MIN(100%,T20)) -> -0.1475 | V20: =_xlfn.XLOOKUP("超会心|"&J20,Skills!$A:$A,Skills!$J:$J,1.25) -> 1.3 | W20: =IF(U20>=0,1+U20*(V20-1),1+U20*0.25) -> 0.963125 | X20: =Calc_Current!$B$11-Calc_Current!$B$12*ROUNDDOWN(Calc_Current!$B$13*_xlfn.XLOOKUP("集中|"&N20,Skills!$A:$A,Skills!$M:$M,0),0)-Calc_Current!$B$14*_xlfn.XLOOKUP("纳刀术|"&R20,Skills!$A:$A,Skills!$N:$N,0) -> 298 | Y20: =IF(Calc_Current!$B$4=0,0,(Calc_Current!$B$4+_xlfn.XLOOKUP("属性强化|"&O20,Skills!$A:$A,Skills!$O:$O,0))*_xlfn.XLOOKUP("属性强化|"&O20,Skills!$A:$A,Skills!$P:$P,1)) -> 180 | Z20: =Calc_Current!$B$9/100*S20*Calc_Current!$B$5*Calc_Current!$B$20/100*W20*Input!$B$6 -> 1476.2679 | AA20: =Calc_Current!$B$10*Y20/10*Calc_Current!$B$6*Calc_Current!$B$18/100 -> 25.65 | AB20: =Z20+AA20 -> 1501.9179 | AC20: =IF(F20,AB20*30/X20,NA()) -> #N/A | AD20: =IF(F20,AC20/Calc_Current!$B$48-1,NA()) -> #N/A | AE20: =A20&" "&B20&"→"&C20 -> 弱点特效 1→6
A21: {=INDEX($AG$2:$AG$11,ROUNDUP(ROW(A20)/7,0))} -> 弱点特效 | B21: {=_xlfn.SWITCH(A21,"攻击",Input!$F$20,"看破",Input!$F$21,"弱点特效",Input!$F$22,"超会心",Input!$F$23,"挑战者",Input!$F$24,"无伤",Input!$F$25,"怨恨",Input!$F$26,"集中",Input!$F$27,"属性强化",Input!$F$28,"力量解放",Input!$F$29,"精神抖擞",Input!$F$30,"纳刀术",Input!$F$31)} -> 1 | C21: =B21+D21 -> 7 | D21: =MOD(ROW(A20)-1,7)+1 -> 6 | E21: =_xlfn.XLOOKUP(A21&"|0",Skills!$A:$A,Skills!$D:$D) -> 3 | F21: =AND(C21<=E21,_xlfn.XLOOKUP(A21&"|0",Skills!$A:$A,Skills!$F:$F)=TRUE) -> FALSE | G21: =IF($A21="攻击",$C21,Input!$F$20) -> 2 | H21: =IF($A21="看破",$C21,Input!$F$21) -> 2 | I21: =IF($A21="弱点特效",$C21,Input!$F$22) -> 7 | J21: =IF($A21="超会心",$C21,Input!$F$23) -> 1 | K21: =IF($A21="挑战者",$C21,Input!$F$24) -> 3 | L21: =IF($A21="无伤",$C21,Input!$F$25) -> 1 | M21: =IF($A21="怨恨",$C21,Input!$F$26) -> 0 | N21: =IF($A21="集中",$C21,Input!$F$27) -> 0 | O21: =IF($A21="属性强化",$C21,Input!$F$28) -> 0 | P21: =Input!$F$29 -> 0 | Q21: =Input!$F$30 -> 0 | R21: =IF($A21="纳刀术",$C21,Input!$F$31) -> 0 | S21: =(Calc_Current!$B$2+Calc_Current!$B$24+_xlfn.XLOOKUP("攻击|"&G21,Skills!$A:$A,Skills!$G:$G,0)+_xlfn.XLOOKUP("挑战者|"&K21,Skills!$A:$A,Skills!$G:$G,0)*Input!$B$10+_xlfn.XLOOKUP("无伤|"&L21,Skills!$A:$A,Skills!$G:$G,0)*Input!$B$11+_xlfn.XLOOKUP("怨恨|"&M21,Skills!$A:$A,Skills!$G:$G,0)*Input!$B$12)*Calc_Current!$B$26 -> 423.5 | T21: =Calc_Current!$B$3+_xlfn.XLOOKUP("攻击|"&G21,Skills!$A:$A,Skills!$I:$I,0)+_xlfn.XLOOKUP("看破|"&H21,Skills!$A:$A,Skills!$I:$I,0)+IF(Calc_Current!$B$21,IF(Input!$B$5,_xlfn.XLOOKUP("弱点特效|"&I21,Skills!$A:$A,Skills!$L:$L,0),_xlfn.XLOOKUP("弱点特效|"&I21,Skills!$A:$A,Skills!$K:$K,0))*Input!$B$9,0)+_xlfn.XLOOKUP("挑战者|"&K21,Skills!$A:$A,Skills!$I:$I,0)*Input!$B$10+_xlfn.XLOOKUP("力量解放|"&P21,Skills!$A:$A,Skills!$I:$I,0)*Input!$B$13+_xlfn.XLOOKUP("精神抖擞|"&Q21,Skills!$A:$A,Skills!$I:$I,0)*Input!$B$14 -> -0.1475 | U21: =MAX(-100%,MIN(100%,T21)) -> -0.1475 | V21: =_xlfn.XLOOKUP("超会心|"&J21,Skills!$A:$A,Skills!$J:$J,1.25) -> 1.3 | W21: =IF(U21>=0,1+U21*(V21-1),1+U21*0.25) -> 0.963125 | X21: =Calc_Current!$B$11-Calc_Current!$B$12*ROUNDDOWN(Calc_Current!$B$13*_xlfn.XLOOKUP("集中|"&N21,Skills!$A:$A,Skills!$M:$M,0),0)-Calc_Current!$B$14*_xlfn.XLOOKUP("纳刀术|"&R21,Skills!$A:$A,Skills!$N:$N,0) -> 298 | Y21: =IF(Calc_Current!$B$4=0,0,(Calc_Current!$B$4+_xlfn.XLOOKUP("属性强化|"&O21,Skills!$A:$A,Skills!$O:$O,0))*_xlfn.XLOOKUP("属性强化|"&O21,Skills!$A:$A,Skills!$P:$P,1)) -> 180 | Z21: =Calc_Current!$B$9/100*S21*Calc_Current!$B$5*Calc_Current!$B$20/100*W21*Input!$B$6 -> 1476.2679 | AA21: =Calc_Current!$B$10*Y21/10*Calc_Current!$B$6*Calc_Current!$B$18/100 -> 25.65 | AB21: =Z21+AA21 -> 1501.9179 | AC21: =IF(F21,AB21*30/X21,NA()) -> #N/A | AD21: =IF(F21,AC21/Calc_Current!$B$48-1,NA()) -> #N/A | AE21: =A21&" "&B21&"→"&C21 -> 弱点特效 1→7
A22: {=INDEX($AG$2:$AG$11,ROUNDUP(ROW(A21)/7,0))} -> 弱点特效 | B22: {=_xlfn.SWITCH(A22,"攻击",Input!$F$20,"看破",Input!$F$21,"弱点特效",Input!$F$22,"超会心",Input!$F$23,"挑战者",Input!$F$24,"无伤",Input!$F$25,"怨恨",Input!$F$26,"集中",Input!$F$27,"属性强化",Input!$F$28,"力量解放",Input!$F$29,"精神抖擞",Input!$F$30,"纳刀术",Input!$F$31)} -> 1 | C22: =B22+D22 -> 8 | D22: =MOD(ROW(A21)-1,7)+1 -> 7 | E22: =_xlfn.XLOOKUP(A22&"|0",Skills!$A:$A,Skills!$D:$D) -> 3 | F22: =AND(C22<=E22,_xlfn.XLOOKUP(A22&"|0",Skills!$A:$A,Skills!$F:$F)=TRUE) -> FALSE | G22: =IF($A22="攻击",$C22,Input!$F$20) -> 2 | H22: =IF($A22="看破",$C22,Input!$F$21) -> 2 | I22: =IF($A22="弱点特效",$C22,Input!$F$22) -> 8 | J22: =IF($A22="超会心",$C22,Input!$F$23) -> 1 | K22: =IF($A22="挑战者",$C22,Input!$F$24) -> 3 | L22: =IF($A22="无伤",$C22,Input!$F$25) -> 1 | M22: =IF($A22="怨恨",$C22,Input!$F$26) -> 0 | N22: =IF($A22="集中",$C22,Input!$F$27) -> 0 | O22: =IF($A22="属性强化",$C22,Input!$F$28) -> 0 | P22: =Input!$F$29 -> 0 | Q22: =Input!$F$30 -> 0 | R22: =IF($A22="纳刀术",$C22,Input!$F$31) -> 0 | S22: =(Calc_Current!$B$2+Calc_Current!$B$24+_xlfn.XLOOKUP("攻击|"&G22,Skills!$A:$A,Skills!$G:$G,0)+_xlfn.XLOOKUP("挑战者|"&K22,Skills!$A:$A,Skills!$G:$G,0)*Input!$B$10+_xlfn.XLOOKUP("无伤|"&L22,Skills!$A:$A,Skills!$G:$G,0)*Input!$B$11+_xlfn.XLOOKUP("怨恨|"&M22,Skills!$A:$A,Skills!$G:$G,0)*Input!$B$12)*Calc_Current!$B$26 -> 423.5 | T22: =Calc_Current!$B$3+_xlfn.XLOOKUP("攻击|"&G22,Skills!$A:$A,Skills!$I:$I,0)+_xlfn.XLOOKUP("看破|"&H22,Skills!$A:$A,Skills!$I:$I,0)+IF(Calc_Current!$B$21,IF(Input!$B$5,_xlfn.XLOOKUP("弱点特效|"&I22,Skills!$A:$A,Skills!$L:$L,0),_xlfn.XLOOKUP("弱点特效|"&I22,Skills!$A:$A,Skills!$K:$K,0))*Input!$B$9,0)+_xlfn.XLOOKUP("挑战者|"&K22,Skills!$A:$A,Skills!$I:$I,0)*Input!$B$10+_xlfn.XLOOKUP("力量解放|"&P22,Skills!$A:$A,Skills!$I:$I,0)*Input!$B$13+_xlfn.XLOOKUP("精神抖擞|"&Q22,Skills!$A:$A,Skills!$I:$I,0)*Input!$B$14 -> -0.1475 | U22: =MAX(-100%,MIN(100%,T22)) -> -0.1475 | V22: =_xlfn.XLOOKUP("超会心|"&J22,Skills!$A:$A,Skills!$J:$J,1.25) -> 1.3 | W22: =IF(U22>=0,1+U22*(V22-1),1+U22*0.25) -> 0.963125 | X22: =Calc_Current!$B$11-Calc_Current!$B$12*ROUNDDOWN(Calc_Current!$B$13*_xlfn.XLOOKUP("集中|"&N22,Skills!$A:$A,Skills!$M:$M,0),0)-Calc_Current!$B$14*_xlfn.XLOOKUP("纳刀术|"&R22,Skills!$A:$A,Skills!$N:$N,0) -> 298 | Y22: =IF(Calc_Current!$B$4=0,0,(Calc_Current!$B$4+_xlfn.XLOOKUP("属性强化|"&O22,Skills!$A:$A,Skills!$O:$O,0))*_xlfn.XLOOKUP("属性强化|"&O22,Skills!$A:$A,Skills!$P:$P,1)) -> 180 | Z22: =Calc_Current!$B$9/100*S22*Calc_Current!$B$5*Calc_Current!$B$20/100*W22*Input!$B$6 -> 1476.2679 | AA22: =Calc_Current!$B$10*Y22/10*Calc_Current!$B$6*Calc_Current!$B$18/100 -> 25.65 | AB22: =Z22+AA22 -> 1501.9179 | AC22: =IF(F22,AB22*30/X22,NA()) -> #N/A | AD22: =IF(F22,AC22/Calc_Current!$B$48-1,NA()) -> #N/A | AE22: =A22&" "&B22&"→"&C22 -> 弱点特效 1→8
A23: {=INDEX($AG$2:$AG$11,ROUNDUP(ROW(A22)/7,0))} -> 超会心 | B23: {=_xlfn.SWITCH(A23,"攻击",Input!$F$20,"看破",Input!$F$21,"弱点特效",Input!$F$22,"超会心",Input!$F$23,"挑战者",Input!$F$24,"无伤",Input!$F$25,"怨恨",Input!$F$26,"集中",Input!$F$27,"属性强化",Input!$F$28,"力量解放",Input!$F$29,"精神抖擞",Input!$F$30,"纳刀术",Input!$F$31)} -> 1 | C23: =B23+D23 -> 2 | D23: =MOD(ROW(A22)-1,7)+1 -> 1 | E23: =_xlfn.XLOOKUP(A23&"|0",Skills!$A:$A,Skills!$D:$D) -> 3 | F23: =AND(C23<=E23,_xlfn.XLOOKUP(A23&"|0",Skills!$A:$A,Skills!$F:$F)=TRUE) -> TRUE | G23: =IF($A23="攻击",$C23,Input!$F$20) -> 2 | H23: =IF($A23="看破",$C23,Input!$F$21) -> 2 | I23: =IF($A23="弱点特效",$C23,Input!$F$22) -> 1 | J23: =IF($A23="超会心",$C23,Input!$F$23) -> 2 | K23: =IF($A23="挑战者",$C23,Input!$F$24) -> 3 | L23: =IF($A23="无伤",$C23,Input!$F$25) -> 1 | M23: =IF($A23="怨恨",$C23,Input!$F$26) -> 0 | N23: =IF($A23="集中",$C23,Input!$F$27) -> 0 | O23: =IF($A23="属性强化",$C23,Input!$F$28) -> 0 | P23: =Input!$F$29 -> 0 | Q23: =Input!$F$30 -> 0 | R23: =IF($A23="纳刀术",$C23,Input!$F$31) -> 0 | S23: =(Calc_Current!$B$2+Calc_Current!$B$24+_xlfn.XLOOKUP("攻击|"&G23,Skills!$A:$A,Skills!$G:$G,0)+_xlfn.XLOOKUP("挑战者|"&K23,Skills!$A:$A,Skills!$G:$G,0)*Input!$B$10+_xlfn.XLOOKUP("无伤|"&L23,Skills!$A:$A,Skills!$G:$G,0)*Input!$B$11+_xlfn.XLOOKUP("怨恨|"&M23,Skills!$A:$A,Skills!$G:$G,0)*Input!$B$12)*Calc_Current!$B$26 -> 423.5 | T23: =Calc_Current!$B$3+_xlfn.XLOOKUP("攻击|"&G23,Skills!$A:$A,Skills!$I:$I,0)+_xlfn.XLOOKUP("看破|"&H23,Skills!$A:$A,Skills!$I:$I,0)+IF(Calc_Current!$B$21,IF(Input!$B$5,_xlfn.XLOOKUP("弱点特效|"&I23,Skills!$A:$A,Skills!$L:$L,0),_xlfn.XLOOKUP("弱点特效|"&I23,Skills!$A:$A,Skills!$K:$K,0))*Input!$B$9,0)+_xlfn.XLOOKUP("挑战者|"&K23,Skills!$A:$A,Skills!$I:$I,0)*Input!$B$10+_xlfn.XLOOKUP("力量解放|"&P23,Skills!$A:$A,Skills!$I:$I,0)*Input!$B$13+_xlfn.XLOOKUP("精神抖擞|"&Q23,Skills!$A:$A,Skills!$I:$I,0)*Input!$B$14 -> -0.0875 | U23: =MAX(-100%,MIN(100%,T23)) -> -0.0875 | V23: =_xlfn.XLOOKUP("超会心|"&J23,Skills!$A:$A,Skills!$J:$J,1.25) -> 1.35 | W23: =IF(U23>=0,1+U23*(V23-1),1+U23*0.25) -> 0.978125 | X23: =Calc_Current!$B$11-Calc_Current!$B$12*ROUNDDOWN(Calc_Current!$B$13*_xlfn.XLOOKUP("集中|"&N23,Skills!$A:$A,Skills!$M:$M,0),0)-Calc_Current!$B$14*_xlfn.XLOOKUP("纳刀术|"&R23,Skills!$A:$A,Skills!$N:$N,0) -> 298 | Y23: =IF(Calc_Current!$B$4=0,0,(Calc_Current!$B$4+_xlfn.XLOOKUP("属性强化|"&O23,Skills!$A:$A,Skills!$O:$O,0))*_xlfn.XLOOKUP("属性强化|"&O23,Skills!$A:$A,Skills!$P:$P,1)) -> 180 | Z23: =Calc_Current!$B$9/100*S23*Calc_Current!$B$5*Calc_Current!$B$20/100*W23*Input!$B$6 -> 1499.2597 | AA23: =Calc_Current!$B$10*Y23/10*Calc_Current!$B$6*Calc_Current!$B$18/100 -> 25.65 | AB23: =Z23+AA23 -> 1524.9097 | AC23: =IF(F23,AB23*30/X23,NA()) -> 153.5144 | AD23: =IF(F23,AC23/Calc_Current!$B$48-1,NA()) -> 0 | AE23: =A23&" "&B23&"→"&C23 -> 超会心 1→2
... A71: {=INDEX($AG$2:$AG$11,ROUNDUP(ROW(A70)/7,0))} -> 属性强化 | B71: {=_xlfn.SWITCH(A71,"攻击",Input!$F$20,"看破",Input!$F$21,"弱点特效",Input!$F$22,"超会心",Input!$F$23,"挑战者",Input!$F$24,"无伤",Input!$F$25,"怨恨",Input!$F$26,"集中",Input!$F$27,"属性强化",Input!$F$28,"力量解放",Input!$F$29,"精神抖擞",Input!$F$30,"纳刀术",Input!$F$31)} -> 0 | C71: =B71+D71 -> 7 | D71: =MOD(ROW(A70)-1,7)+1 -> 7 | E71: =_xlfn.XLOOKUP(A71&"|0",Skills!$A:$A,Skills!$D:$D) -> 6 | F71: =AND(C71<=E71,_xlfn.XLOOKUP(A71&"|0",Skills!$A:$A,Skills!$F:$F)=TRUE) -> FALSE | G71: =IF($A71="攻击",$C71,Input!$F$20) -> 2 | H71: =IF($A71="看破",$C71,Input!$F$21) -> 2 | I71: =IF($A71="弱点特效",$C71,Input!$F$22) -> 1 | J71: =IF($A71="超会心",$C71,Input!$F$23) -> 1 | K71: =IF($A71="挑战者",$C71,Input!$F$24) -> 3 | L71: =IF($A71="无伤",$C71,Input!$F$25) -> 1 | M71: =IF($A71="怨恨",$C71,Input!$F$26) -> 0 | N71: =IF($A71="集中",$C71,Input!$F$27) -> 0 | O71: =IF($A71="属性强化",$C71,Input!$F$28) -> 7 | P71: =Input!$F$29 -> 0 | Q71: =Input!$F$30 -> 0 | R71: =IF($A71="纳刀术",$C71,Input!$F$31) -> 0 | S71: =(Calc_Current!$B$2+Calc_Current!$B$24+_xlfn.XLOOKUP("攻击|"&G71,Skills!$A:$A,Skills!$G:$G,0)+_xlfn.XLOOKUP("挑战者|"&K71,Skills!$A:$A,Skills!$G:$G,0)*Input!$B$10+_xlfn.XLOOKUP("无伤|"&L71,Skills!$A:$A,Skills!$G:$G,0)*Input!$B$11+_xlfn.XLOOKUP("怨恨|"&M71,Skills!$A:$A,Skills!$G:$G,0)*Input!$B$12)*Calc_Current!$B$26 -> 423.5 | T71: =Calc_Current!$B$3+_xlfn.XLOOKUP("攻击|"&G71,Skills!$A:$A,Skills!$I:$I,0)+_xlfn.XLOOKUP("看破|"&H71,Skills!$A:$A,Skills!$I:$I,0)+IF(Calc_Current!$B$21,IF(Input!$B$5,_xlfn.XLOOKUP("弱点特效|"&I71,Skills!$A:$A,Skills!$L:$L,0),_xlfn.XLOOKUP("弱点特效|"&I71,Skills!$A:$A,Skills!$K:$K,0))*Input!$B$9,0)+_xlfn.XLOOKUP("挑战者|"&K71,Skills!$A:$A,Skills!$I:$I,0)*Input!$B$10+_xlfn.XLOOKUP("力量解放|"&P71,Skills!$A:$A,Skills!$I:$I,0)*Input!$B$13+_xlfn.XLOOKUP("精神抖擞|"&Q71,Skills!$A:$A,Skills!$I:$I,0)*Input!$B$14 -> -0.0875 | U71: =MAX(-100%,MIN(100%,T71)) -> -0.0875 | V71: =_xlfn.XLOOKUP("超会心|"&J71,Skills!$A:$A,Skills!$J:$J,1.25) -> 1.3 | W71: =IF(U71>=0,1+U71*(V71-1),1+U71*0.25) -> 0.978125 | X71: =Calc_Current!$B$11-Calc_Current!$B$12*ROUNDDOWN(Calc_Current!$B$13*_xlfn.XLOOKUP("集中|"&N71,Skills!$A:$A,Skills!$M:$M,0),0)-Calc_Current!$B$14*_xlfn.XLOOKUP("纳刀术|"&R71,Skills!$A:$A,Skills!$N:$N,0) -> 298 | Y71: =IF(Calc_Current!$B$4=0,0,(Calc_Current!$B$4+_xlfn.XLOOKUP("属性强化|"&O71,Skills!$A:$A,Skills!$O:$O,0))*_xlfn.XLOOKUP("属性强化|"&O71,Skills!$A:$A,Skills!$P:$P,1)) -> 180 | Z71: =Calc_Current!$B$9/100*S71*Calc_Current!$B$5*Calc_Current!$B$20/100*W71*Input!$B$6 -> 1499.2597 | AA71: =Calc_Current!$B$10*Y71/10*Calc_Current!$B$6*Calc_Current!$B$18/100 -> 25.65 | AB71: =Z71+AA71 -> 1524.9097 | AC71: =IF(F71,AB71*30/X71,NA()) -> #N/A | AD71: =IF(F71,AC71/Calc_Current!$B$48-1,NA()) -> #N/A | AE71: =A71&" "&B71&"→"&C71 -> 属性强化 0→7

Sheet Recommend
A1: skill | B1: current_level | C1: next_level | D1: max_level | E1: valid | F1: sim_attack | G1: sim_crit_eye | H1: sim_wex | I1: sim_crit_boost | J1: sim_agitator | K1: sim_peak | L1: sim_resentment | M1: sim_focus | N1: sim_ele_boost | O1: sim_latent_power | P1: sim_max_might | Q1: sim_sheathe | R1: ATK_eff_new | S1: CR_eff_new | T1: CR_eff_capped_new | U1: CD_new | V1: ECM_new | W1: frames_eff_new | X1: ELE_eff_new | Y1: D_phys_new | Z1: D_ele_new | AA1: D_total_new | AB1: DPS_new | AC1: gain | AD1: label | AF1: rank | AG1: label | AH1: new_DPS | AI1: gain | AJ1: reason | AP1: check_item | AQ1: result
A2: 攻击 | B2: {=_xlfn.SWITCH(A2,"攻击",Input!$F$20,"看破",Input!$F$21,"弱点特效",Input!$F$22,"超会心",Input!$F$23,"挑战者",Input!$F$24,"无伤",Input!$F$25,"怨恨",Input!$F$26,"集中",Input!$F$27,"属性强化",Input!$F$28,"力量解放",Input!$F$29,"精神抖擞",Input!$F$30,"纳刀术",Input!$F$31)} -> 2 | C2: =B2+1 -> 3 | D2: =_xlfn.XLOOKUP(A2&"|0",Skills!$A:$A,Skills!$D:$D) -> 7 | E2: =AND(C2<=D2,_xlfn.XLOOKUP(A2&"|0",Skills!$A:$A,Skills!$F:$F)=TRUE) -> TRUE | F2: =IF($A2="攻击",$C2,Input!$F$20) -> 3 | G2: =IF($A2="看破",$C2,Input!$F$21) -> 2 | H2: =IF($A2="弱点特效",$C2,Input!$F$22) -> 1 | I2: =IF($A2="超会心",$C2,Input!$F$23) -> 1 | J2: =IF($A2="挑战者",$C2,Input!$F$24) -> 3 | K2: =IF($A2="无伤",$C2,Input!$F$25) -> 1 | L2: =IF($A2="怨恨",$C2,Input!$F$26) -> 0 | M2: =IF($A2="集中",$C2,Input!$F$27) -> 0 | N2: =IF($A2="属性强化",$C2,Input!$F$28) -> 0 | O2: =Input!$F$29 -> 0 | P2: =Input!$F$30 -> 0 | Q2: =IF($A2="纳刀术",$C2,Input!$F$31) -> 0 | R2: =(Calc_Current!$B$2+Calc_Current!$B$24+_xlfn.XLOOKUP("攻击|"&F2,Skills!$A:$A,Skills!$G:$G,0)+_xlfn.XLOOKUP("挑战者|"&J2,Skills!$A:$A,Skills!$G:$G,0)*Input!$B$10+_xlfn.XLOOKUP("无伤|"&K2,Skills!$A:$A,Skills!$G:$G,0)*Input!$B$11+_xlfn.XLOOKUP("怨恨|"&L2,Skills!$A:$A,Skills!$G:$G,0)*Input!$B$12)*Calc_Current!$B$26 -> 426.5 | S2: =Calc_Current!$B$3+_xlfn.XLOOKUP("攻击|"&F2,Skills!$A:$A,Skills!$I:$I,0)+_xlfn.XLOOKUP("看破|"&G2,Skills!$A:$A,Skills!$I:$I,0)+IF(Calc_Current!$B$21,IF(Input!$B$5,_xlfn.XLOOKUP("弱点特效|"&H2,Skills!$A:$A,Skills!$L:$L,0),_xlfn.XLOOKUP("弱点特效|"&H2,Skills!$A:$A,Skills!$K:$K,0))*Input!$B$9,0)+_xlfn.XLOOKUP("挑战者|"&J2,Skills!$A:$A,Skills!$I:$I,0)*Input!$B$10+_xlfn.XLOOKUP("力量解放|"&O2,Skills!$A:$A,Skills!$I:$I,0)*Input!$B$13+_xlfn.XLOOKUP("精神抖擞|"&P2,Skills!$A:$A,Skills!$I:$I,0)*Input!$B$14 -> -0.0875 | T2: =MAX(-100%,MIN(100%,S2)) -> -0.0875 | U2: =_xlfn.XLOOKUP("超会心|"&I2,Skills!$A:$A,Skills!$J:$J,1.25) -> 1.3 | V2: =IF(T2>=0,1+T2*(U2-1),1+T2*0.25) -> 0.978125 | W2: =Calc_Current!$B$11-Calc_Current!$B$12*ROUNDDOWN(Calc_Current!$B$13*_xlfn.XLOOKUP("集中|"&M2,Skills!$A:$A,Skills!$M:$M,0),0)-Calc_Current!$B$14*_xlfn.XLOOKUP("纳刀术|"&Q2,Skills!$A:$A,Skills!$N:$N,0) -> 298 | X2: =IF(Calc_Current!$B$4=0,0,(Calc_Current!$B$4+_xlfn.XLOOKUP("属性强化|"&N2,Skills!$A:$A,Skills!$O:$O,0))*_xlfn.XLOOKUP("属性强化|"&N2,Skills!$A:$A,Skills!$P:$P,1)) -> 180 | Y2: =Calc_Current!$B$9/100*R2*Calc_Current!$B$5*Calc_Current!$B$20/100*V2*Input!$B$6 -> 1509.8802 | Z2: =Calc_Current!$B$10*X2/10*Calc_Current!$B$6*Calc_Current!$B$18/100 -> 25.65 | AA2: =Y2+Z2 -> 1535.5302 | AB2: =IF(E2,AA2*30/W2,"") -> 154.58358 | AC2: =IF(E2,AB2/Calc_Current!$B$48-1,"") -> 0.0069646706 | AD2: =A2&" "&B2&"→"&C2 -> 攻击 2→3 | AF2: {=_xlfn.SEQUENCE(ROWS(_xlfn.ANCHORARRAY(AG2)))} -> 1 | AG2: {=_xlfn.SORTBY(_xlfn._xlws.FILTER(CHOOSE({1,2,3},AD2:AD11,AB2:AB11,AC2:AC11),E2:E11=TRUE),_xlfn._xlws.FILTER(AC2:AC11,E2:E11=TRUE),-1)} -> 看破 2→3 | AH2: 155.44325 | AI2: 0.012564592 | AJ2: {=_xlfn.SWITCH(LEFT(AG2,FIND(" ",AG2&" ")-1),"攻击","提升基础攻击力，收益受当前 ATK 与会心期望共同影响","看破","提升会心率，当前未满会心时收益稳定","弱点特效","在满足弱点肉质且有覆盖率时提供高额会心收益","超会心","提高会心伤害倍率，收益依赖当前有效会心率","挑战者","按愤怒覆盖率同时提升攻击力与会心率","无伤","按满血覆盖率提升攻击力","怨恨","按红血覆盖率提升攻击力","集中","减少蓄力帧，不改变单次伤害但提升循环 DPS","纳刀术","减少纳刀帧，主要提升带纳刀循环的 DPS","属性强化","提升属性伤害，收益取决于武器属性值、属性 MV 与属性肉质","")} -> 提升会心率，当前未满会心时收益稳定 | AP2: 当前 DPS | AQ2: =Calc_Current!B48 -> 153.5144
A3: 看破 | B3: {=_xlfn.SWITCH(A3,"攻击",Input!$F$20,"看破",Input!$F$21,"弱点特效",Input!$F$22,"超会心",Input!$F$23,"挑战者",Input!$F$24,"无伤",Input!$F$25,"怨恨",Input!$F$26,"集中",Input!$F$27,"属性强化",Input!$F$28,"力量解放",Input!$F$29,"精神抖擞",Input!$F$30,"纳刀术",Input!$F$31)} -> 2 | C3: =B3+1 -> 3 | D3: =_xlfn.XLOOKUP(A3&"|0",Skills!$A:$A,Skills!$D:$D) -> 7 | E3: =AND(C3<=D3,_xlfn.XLOOKUP(A3&"|0",Skills!$A:$A,Skills!$F:$F)=TRUE) -> TRUE | F3: =IF($A3="攻击",$C3,Input!$F$20) -> 2 | G3: =IF($A3="看破",$C3,Input!$F$21) -> 3 | H3: =IF($A3="弱点特效",$C3,Input!$F$22) -> 1 | I3: =IF($A3="超会心",$C3,Input!$F$23) -> 1 | J3: =IF($A3="挑战者",$C3,Input!$F$24) -> 3 | K3: =IF($A3="无伤",$C3,Input!$F$25) -> 1 | L3: =IF($A3="怨恨",$C3,Input!$F$26) -> 0 | M3: =IF($A3="集中",$C3,Input!$F$27) -> 0 | N3: =IF($A3="属性强化",$C3,Input!$F$28) -> 0 | O3: =Input!$F$29 -> 0 | P3: =Input!$F$30 -> 0 | Q3: =IF($A3="纳刀术",$C3,Input!$F$31) -> 0 | R3: =(Calc_Current!$B$2+Calc_Current!$B$24+_xlfn.XLOOKUP("攻击|"&F3,Skills!$A:$A,Skills!$G:$G,0)+_xlfn.XLOOKUP("挑战者|"&J3,Skills!$A:$A,Skills!$G:$G,0)*Input!$B$10+_xlfn.XLOOKUP("无伤|"&K3,Skills!$A:$A,Skills!$G:$G,0)*Input!$B$11+_xlfn.XLOOKUP("怨恨|"&L3,Skills!$A:$A,Skills!$G:$G,0)*Input!$B$12)*Calc_Current!$B$26 -> 423.5 | S3: =Calc_Current!$B$3+_xlfn.XLOOKUP("攻击|"&F3,Skills!$A:$A,Skills!$I:$I,0)+_xlfn.XLOOKUP("看破|"&G3,Skills!$A:$A,Skills!$I:$I,0)+IF(Calc_Current!$B$21,IF(Input!$B$5,_xlfn.XLOOKUP("弱点特效|"&H3,Skills!$A:$A,Skills!$L:$L,0),_xlfn.XLOOKUP("弱点特效|"&H3,Skills!$A:$A,Skills!$K:$K,0))*Input!$B$9,0)+_xlfn.XLOOKUP("挑战者|"&J3,Skills!$A:$A,Skills!$I:$I,0)*Input!$B$10+_xlfn.XLOOKUP("力量解放|"&O3,Skills!$A:$A,Skills!$I:$I,0)*Input!$B$13+_xlfn.XLOOKUP("精神抖擞|"&P3,Skills!$A:$A,Skills!$I:$I,0)*Input!$B$14 -> -0.0375 | T3: =MAX(-100%,MIN(100%,S3)) -> -0.0375 | U3: =_xlfn.XLOOKUP("超会心|"&I3,Skills!$A:$A,Skills!$J:$J,1.25) -> 1.3 | V3: =IF(T3>=0,1+T3*(U3-1),1+T3*0.25) -> 0.990625 | W3: =Calc_Current!$B$11-Calc_Current!$B$12*ROUNDDOWN(Calc_Current!$B$13*_xlfn.XLOOKUP("集中|"&M3,Skills!$A:$A,Skills!$M:$M,0),0)-Calc_Current!$B$14*_xlfn.XLOOKUP("纳刀术|"&Q3,Skills!$A:$A,Skills!$N:$N,0) -> 298 | X3: =IF(Calc_Current!$B$4=0,0,(Calc_Current!$B$4+_xlfn.XLOOKUP("属性强化|"&N3,Skills!$A:$A,Skills!$O:$O,0))*_xlfn.XLOOKUP("属性强化|"&N3,Skills!$A:$A,Skills!$P:$P,1)) -> 180 | Y3: =Calc_Current!$B$9/100*R3*Calc_Current!$B$5*Calc_Current!$B$20/100*V3*Input!$B$6 -> 1518.4196 | Z3: =Calc_Current!$B$10*X3/10*Calc_Current!$B$6*Calc_Current!$B$18/100 -> 25.65 | AA3: =Y3+Z3 -> 1544.0696 | AB3: =IF(E3,AA3*30/W3,"") -> 155.44325 | AC3: =IF(E3,AB3/Calc_Current!$B$48-1,"") -> 0.012564592 | AD3: =A3&" "&B3&"→"&C3 -> 看破 2→3 | AF3: 2 | AG3: 集中 0→1 | AH3: 155.07556 | AI3: 0.010169492 | AJ3: {=_xlfn.SWITCH(LEFT(AG3,FIND(" ",AG3&" ")-1),"攻击","提升基础攻击力，收益受当前 ATK 与会心期望共同影响","看破","提升会心率，当前未满会心时收益稳定","弱点特效","在满足弱点肉质且有覆盖率时提供高额会心收益","超会心","提高会心伤害倍率，收益依赖当前有效会心率","挑战者","按愤怒覆盖率同时提升攻击力与会心率","无伤","按满血覆盖率提升攻击力","怨恨","按红血覆盖率提升攻击力","集中","减少蓄力帧，不改变单次伤害但提升循环 DPS","纳刀术","减少纳刀帧，主要提升带纳刀循环的 DPS","属性强化","提升属性伤害，收益取决于武器属性值、属性 MV 与属性肉质","")} -> 减少蓄力帧，不改变单次伤害但提升循环 DPS | AP3: 当前 ATK_eff | AQ3: =Calc_Current!B27 -> 423.5
A4: 弱点特效 | B4: {=_xlfn.SWITCH(A4,"攻击",Input!$F$20,"看破",Input!$F$21,"弱点特效",Input!$F$22,"超会心",Input!$F$23,"挑战者",Input!$F$24,"无伤",Input!$F$25,"怨恨",Input!$F$26,"集中",Input!$F$27,"属性强化",Input!$F$28,"力量解放",Input!$F$29,"精神抖擞",Input!$F$30,"纳刀术",Input!$F$31)} -> 1 | C4: =B4+1 -> 2 | D4: =_xlfn.XLOOKUP(A4&"|0",Skills!$A:$A,Skills!$D:$D) -> 3 | E4: =AND(C4<=D4,_xlfn.XLOOKUP(A4&"|0",Skills!$A:$A,Skills!$F:$F)=TRUE) -> TRUE | F4: =IF($A4="攻击",$C4,Input!$F$20) -> 2 | G4: =IF($A4="看破",$C4,Input!$F$21) -> 2 | H4: =IF($A4="弱点特效",$C4,Input!$F$22) -> 2 | I4: =IF($A4="超会心",$C4,Input!$F$23) -> 1 | J4: =IF($A4="挑战者",$C4,Input!$F$24) -> 3 | K4: =IF($A4="无伤",$C4,Input!$F$25) -> 1 | L4: =IF($A4="怨恨",$C4,Input!$F$26) -> 0 | M4: =IF($A4="集中",$C4,Input!$F$27) -> 0 | N4: =IF($A4="属性强化",$C4,Input!$F$28) -> 0 | O4: =Input!$F$29 -> 0 | P4: =Input!$F$30 -> 0 | Q4: =IF($A4="纳刀术",$C4,Input!$F$31) -> 0 | R4: =(Calc_Current!$B$2+Calc_Current!$B$24+_xlfn.XLOOKUP("攻击|"&F4,Skills!$A:$A,Skills!$G:$G,0)+_xlfn.XLOOKUP("挑战者|"&J4,Skills!$A:$A,Skills!$G:$G,0)*Input!$B$10+_xlfn.XLOOKUP("无伤|"&K4,Skills!$A:$A,Skills!$G:$G,0)*Input!$B$11+_xlfn.XLOOKUP("怨恨|"&L4,Skills!$A:$A,Skills!$G:$G,0)*Input!$B$12)*Calc_Current!$B$26 -> 423.5 | S4: =Calc_Current!$B$3+_xlfn.XLOOKUP("攻击|"&F4,Skills!$A:$A,Skills!$I:$I,0)+_xlfn.XLOOKUP("看破|"&G4,Skills!$A:$A,Skills!$I:$I,0)+IF(Calc_Current!$B$21,IF(Input!$B$5,_xlfn.XLOOKUP("弱点特效|"&H4,Skills!$A:$A,Skills!$L:$L,0),_xlfn.XLOOKUP("弱点特效|"&H4,Skills!$A:$A,Skills!$K:$K,0))*Input!$B$9,0)+_xlfn.XLOOKUP("挑战者|"&J4,Skills!$A:$A,Skills!$I:$I,0)*Input!$B$10+_xlfn.XLOOKUP("力量解放|"&O4,Skills!$A:$A,Skills!$I:$I,0)*Input!$B$13+_xlfn.XLOOKUP("精神抖擞|"&P4,Skills!$A:$A,Skills!$I:$I,0)*Input!$B$14 -> -0.0575 | T4: =MAX(-100%,MIN(100%,S4)) -> -0.0575 | U4: =_xlfn.XLOOKUP("超会心|"&I4,Skills!$A:$A,Skills!$J:$J,1.25) -> 1.3 | V4: =IF(T4>=0,1+T4*(U4-1),1+T4*0.25) -> 0.985625 | W4: =Calc_Current!$B$11-Calc_Current!$B$12*ROUNDDOWN(Calc_Current!$B$13*_xlfn.XLOOKUP("集中|"&M4,Skills!$A:$A,Skills!$M:$M,0),0)-Calc_Current!$B$14*_xlfn.XLOOKUP("纳刀术|"&Q4,Skills!$A:$A,Skills!$N:$N,0) -> 298 | X4: =IF(Calc_Current!$B$4=0,0,(Calc_Current!$B$4+_xlfn.XLOOKUP("属性强化|"&N4,Skills!$A:$A,Skills!$O:$O,0))*_xlfn.XLOOKUP("属性强化|"&N4,Skills!$A:$A,Skills!$P:$P,1)) -> 180 | Y4: =Calc_Current!$B$9/100*R4*Calc_Current!$B$5*Calc_Current!$B$20/100*V4*Input!$B$6 -> 1510.7556 | Z4: =Calc_Current!$B$10*X4/10*Calc_Current!$B$6*Calc_Current!$B$18/100 -> 25.65 | AA4: =Y4+Z4 -> 1536.4056 | AB4: =IF(E4,AA4*30/W4,"") -> 154.67171 | AC4: =IF(E4,AB4/Calc_Current!$B$48-1,"") -> 0.0075387553 | AD4: =A4&" "&B4&"→"&C4 -> 弱点特效 1→2 | AF4: 3 | AG4: 弱点特效 1→2 | AH4: 154.67171 | AI4: 0.0075387553 | AJ4: {=_xlfn.SWITCH(LEFT(AG4,FIND(" ",AG4&" ")-1),"攻击","提升基础攻击力，收益受当前 ATK 与会心期望共同影响","看破","提升会心率，当前未满会心时收益稳定","弱点特效","在满足弱点肉质且有覆盖率时提供高额会心收益","超会心","提高会心伤害倍率，收益依赖当前有效会心率","挑战者","按愤怒覆盖率同时提升攻击力与会心率","无伤","按满血覆盖率提升攻击力","怨恨","按红血覆盖率提升攻击力","集中","减少蓄力帧，不改变单次伤害但提升循环 DPS","纳刀术","减少纳刀帧，主要提升带纳刀循环的 DPS","属性强化","提升属性伤害，收益取决于武器属性值、属性 MV 与属性肉质","")} -> 在满足弱点肉质且有覆盖率时提供高额会心收益 | AP4: 当前 CR_eff | AQ4: =Calc_Current!B31 -> -0.0875
A5: 超会心 | B5: {=_xlfn.SWITCH(A5,"攻击",Input!$F$20,"看破",Input!$F$21,"弱点特效",Input!$F$22,"超会心",Input!$F$23,"挑战者",Input!$F$24,"无伤",Input!$F$25,"怨恨",Input!$F$26,"集中",Input!$F$27,"属性强化",Input!$F$28,"力量解放",Input!$F$29,"精神抖擞",Input!$F$30,"纳刀术",Input!$F$31)} -> 1 | C5: =B5+1 -> 2 | D5: =_xlfn.XLOOKUP(A5&"|0",Skills!$A:$A,Skills!$D:$D) -> 3 | E5: =AND(C5<=D5,_xlfn.XLOOKUP(A5&"|0",Skills!$A:$A,Skills!$F:$F)=TRUE) -> TRUE | F5: =IF($A5="攻击",$C5,Input!$F$20) -> 2 | G5: =IF($A5="看破",$C5,Input!$F$21) -> 2 | H5: =IF($A5="弱点特效",$C5,Input!$F$22) -> 1 | I5: =IF($A5="超会心",$C5,Input!$F$23) -> 2 | J5: =IF($A5="挑战者",$C5,Input!$F$24) -> 3 | K5: =IF($A5="无伤",$C5,Input!$F$25) -> 1 | L5: =IF($A5="怨恨",$C5,Input!$F$26) -> 0 | M5: =IF($A5="集中",$C5,Input!$F$27) -> 0 | N5: =IF($A5="属性强化",$C5,Input!$F$28) -> 0 | O5: =Input!$F$29 -> 0 | P5: =Input!$F$30 -> 0 | Q5: =IF($A5="纳刀术",$C5,Input!$F$31) -> 0 | R5: =(Calc_Current!$B$2+Calc_Current!$B$24+_xlfn.XLOOKUP("攻击|"&F5,Skills!$A:$A,Skills!$G:$G,0)+_xlfn.XLOOKUP("挑战者|"&J5,Skills!$A:$A,Skills!$G:$G,0)*Input!$B$10+_xlfn.XLOOKUP("无伤|"&K5,Skills!$A:$A,Skills!$G:$G,0)*Input!$B$11+_xlfn.XLOOKUP("怨恨|"&L5,Skills!$A:$A,Skills!$G:$G,0)*Input!$B$12)*Calc_Current!$B$26 -> 423.5 | S5: =Calc_Current!$B$3+_xlfn.XLOOKUP("攻击|"&F5,Skills!$A:$A,Skills!$I:$I,0)+_xlfn.XLOOKUP("看破|"&G5,Skills!$A:$A,Skills!$I:$I,0)+IF(Calc_Current!$B$21,IF(Input!$B$5,_xlfn.XLOOKUP("弱点特效|"&H5,Skills!$A:$A,Skills!$L:$L,0),_xlfn.XLOOKUP("弱点特效|"&H5,Skills!$A:$A,Skills!$K:$K,0))*Input!$B$9,0)+_xlfn.XLOOKUP("挑战者|"&J5,Skills!$A:$A,Skills!$I:$I,0)*Input!$B$10+_xlfn.XLOOKUP("力量解放|"&O5,Skills!$A:$A,Skills!$I:$I,0)*Input!$B$13+_xlfn.XLOOKUP("精神抖擞|"&P5,Skills!$A:$A,Skills!$I:$I,0)*Input!$B$14 -> -0.0875 | T5: =MAX(-100%,MIN(100%,S5)) -> -0.0875 | U5: =_xlfn.XLOOKUP("超会心|"&I5,Skills!$A:$A,Skills!$J:$J,1.25) -> 1.35 | V5: =IF(T5>=0,1+T5*(U5-1),1+T5*0.25) -> 0.978125 | W5: =Calc_Current!$B$11-Calc_Current!$B$12*ROUNDDOWN(Calc_Current!$B$13*_xlfn.XLOOKUP("集中|"&M5,Skills!$A:$A,Skills!$M:$M,0),0)-Calc_Current!$B$14*_xlfn.XLOOKUP("纳刀术|"&Q5,Skills!$A:$A,Skills!$N:$N,0) -> 298 | X5: =IF(Calc_Current!$B$4=0,0,(Calc_Current!$B$4+_xlfn.XLOOKUP("属性强化|"&N5,Skills!$A:$A,Skills!$O:$O,0))*_xlfn.XLOOKUP("属性强化|"&N5,Skills!$A:$A,Skills!$P:$P,1)) -> 180 | Y5: =Calc_Current!$B$9/100*R5*Calc_Current!$B$5*Calc_Current!$B$20/100*V5*Input!$B$6 -> 1499.2597 | Z5: =Calc_Current!$B$10*X5/10*Calc_Current!$B$6*Calc_Current!$B$18/100 -> 25.65 | AA5: =Y5+Z5 -> 1524.9097 | AB5: =IF(E5,AA5*30/W5,"") -> 153.5144 | AC5: =IF(E5,AB5/Calc_Current!$B$48-1,"") -> 0 | AD5: =A5&" "&B5&"→"&C5 -> 超会心 1→2 | AF5: 4 | AG5: 攻击 2→3 | AH5: 154.58358 | AI5: 0.0069646706 | AJ5: {=_xlfn.SWITCH(LEFT(AG5,FIND(" ",AG5&" ")-1),"攻击","提升基础攻击力，收益受当前 ATK 与会心期望共同影响","看破","提升会心率，当前未满会心时收益稳定","弱点特效","在满足弱点肉质且有覆盖率时提供高额会心收益","超会心","提高会心伤害倍率，收益依赖当前有效会心率","挑战者","按愤怒覆盖率同时提升攻击力与会心率","无伤","按满血覆盖率提升攻击力","怨恨","按红血覆盖率提升攻击力","集中","减少蓄力帧，不改变单次伤害但提升循环 DPS","纳刀术","减少纳刀帧，主要提升带纳刀循环的 DPS","属性强化","提升属性伤害，收益取决于武器属性值、属性 MV 与属性肉质","")} -> 提升基础攻击力，收益受当前 ATK 与会心期望共同影响 | AP5: 当前 ECM | AQ5: =Calc_Current!B34 -> 0.978125
A6: 挑战者 | B6: {=_xlfn.SWITCH(A6,"攻击",Input!$F$20,"看破",Input!$F$21,"弱点特效",Input!$F$22,"超会心",Input!$F$23,"挑战者",Input!$F$24,"无伤",Input!$F$25,"怨恨",Input!$F$26,"集中",Input!$F$27,"属性强化",Input!$F$28,"力量解放",Input!$F$29,"精神抖擞",Input!$F$30,"纳刀术",Input!$F$31)} -> 3 | C6: =B6+1 -> 4 | D6: =_xlfn.XLOOKUP(A6&"|0",Skills!$A:$A,Skills!$D:$D) -> 7 | E6: =AND(C6<=D6,_xlfn.XLOOKUP(A6&"|0",Skills!$A:$A,Skills!$F:$F)=TRUE) -> TRUE | F6: =IF($A6="攻击",$C6,Input!$F$20) -> 2 | G6: =IF($A6="看破",$C6,Input!$F$21) -> 2 | H6: =IF($A6="弱点特效",$C6,Input!$F$22) -> 1 | I6: =IF($A6="超会心",$C6,Input!$F$23) -> 1 | J6: =IF($A6="挑战者",$C6,Input!$F$24) -> 4 | K6: =IF($A6="无伤",$C6,Input!$F$25) -> 1 | L6: =IF($A6="怨恨",$C6,Input!$F$26) -> 0 | M6: =IF($A6="集中",$C6,Input!$F$27) -> 0 | N6: =IF($A6="属性强化",$C6,Input!$F$28) -> 0 | O6: =Input!$F$29 -> 0 | P6: =Input!$F$30 -> 0 | Q6: =IF($A6="纳刀术",$C6,Input!$F$31) -> 0 | R6: =(Calc_Current!$B$2+Calc_Current!$B$24+_xlfn.XLOOKUP("攻击|"&F6,Skills!$A:$A,Skills!$G:$G,0)+_xlfn.XLOOKUP("挑战者|"&J6,Skills!$A:$A,Skills!$G:$G,0)*Input!$B$10+_xlfn.XLOOKUP("无伤|"&K6,Skills!$A:$A,Skills!$G:$G,0)*Input!$B$11+_xlfn.XLOOKUP("怨恨|"&L6,Skills!$A:$A,Skills!$G:$G,0)*Input!$B$12)*Calc_Current!$B$26 -> 426.5 | S6: =Calc_Current!$B$3+_xlfn.XLOOKUP("攻击|"&F6,Skills!$A:$A,Skills!$I:$I,0)+_xlfn.XLOOKUP("看破|"&G6,Skills!$A:$A,Skills!$I:$I,0)+IF(Calc_Current!$B$21,IF(Input!$B$5,_xlfn.XLOOKUP("弱点特效|"&H6,Skills!$A:$A,Skills!$L:$L,0),_xlfn.XLOOKUP("弱点特效|"&H6,Skills!$A:$A,Skills!$K:$K,0))*Input!$B$9,0)+_xlfn.XLOOKUP("挑战者|"&J6,Skills!$A:$A,Skills!$I:$I,0)*Input!$B$10+_xlfn.XLOOKUP("力量解放|"&O6,Skills!$A:$A,Skills!$I:$I,0)*Input!$B$13+_xlfn.XLOOKUP("精神抖擞|"&P6,Skills!$A:$A,Skills!$I:$I,0)*Input!$B$14 -> -0.0875 | T6: =MAX(-100%,MIN(100%,S6)) -> -0.0875 | U6: =_xlfn.XLOOKUP("超会心|"&I6,Skills!$A:$A,Skills!$J:$J,1.25) -> 1.3 | V6: =IF(T6>=0,1+T6*(U6-1),1+T6*0.25) -> 0.978125 | W6: =Calc_Current!$B$11-Calc_Current!$B$12*ROUNDDOWN(Calc_Current!$B$13*_xlfn.XLOOKUP("集中|"&M6,Skills!$A:$A,Skills!$M:$M,0),0)-Calc_Current!$B$14*_xlfn.XLOOKUP("纳刀术|"&Q6,Skills!$A:$A,Skills!$N:$N,0) -> 298 | X6: =IF(Calc_Current!$B$4=0,0,(Calc_Current!$B$4+_xlfn.XLOOKUP("属性强化|"&N6,Skills!$A:$A,Skills!$O:$O,0))*_xlfn.XLOOKUP("属性强化|"&N6,Skills!$A:$A,Skills!$P:$P,1)) -> 180 | Y6: =Calc_Current!$B$9/100*R6*Calc_Current!$B$5*Calc_Current!$B$20/100*V6*Input!$B$6 -> 1509.8802 | Z6: =Calc_Current!$B$10*X6/10*Calc_Current!$B$6*Calc_Current!$B$18/100 -> 25.65 | AA6: =Y6+Z6 -> 1535.5302 | AB6: =IF(E6,AA6*30/W6,"") -> 154.58358 | AC6: =IF(E6,AB6/Calc_Current!$B$48-1,"") -> 0.0069646706 | AD6: =A6&" "&B6&"→"&C6 -> 挑战者 3→4 | AF6: 5 | AG6: 挑战者 3→4 | AH6: 154.58358 | AI6: 0.0069646706 | AJ6: {=_xlfn.SWITCH(LEFT(AG6,FIND(" ",AG6&" ")-1),"攻击","提升基础攻击力，收益受当前 ATK 与会心期望共同影响","看破","提升会心率，当前未满会心时收益稳定","弱点特效","在满足弱点肉质且有覆盖率时提供高额会心收益","超会心","提高会心伤害倍率，收益依赖当前有效会心率","挑战者","按愤怒覆盖率同时提升攻击力与会心率","无伤","按满血覆盖率提升攻击力","怨恨","按红血覆盖率提升攻击力","集中","减少蓄力帧，不改变单次伤害但提升循环 DPS","纳刀术","减少纳刀帧，主要提升带纳刀循环的 DPS","属性强化","提升属性伤害，收益取决于武器属性值、属性 MV 与属性肉质","")} -> 按愤怒覆盖率同时提升攻击力与会心率 | AP6: 当前 frames_eff | AQ6: =Calc_Current!B39 -> 298
A7: 无伤 | B7: {=_xlfn.SWITCH(A7,"攻击",Input!$F$20,"看破",Input!$F$21,"弱点特效",Input!$F$22,"超会心",Input!$F$23,"挑战者",Input!$F$24,"无伤",Input!$F$25,"怨恨",Input!$F$26,"集中",Input!$F$27,"属性强化",Input!$F$28,"力量解放",Input!$F$29,"精神抖擞",Input!$F$30,"纳刀术",Input!$F$31)} -> 1 | C7: =B7+1 -> 2 | D7: =_xlfn.XLOOKUP(A7&"|0",Skills!$A:$A,Skills!$D:$D) -> 3 | E7: =AND(C7<=D7,_xlfn.XLOOKUP(A7&"|0",Skills!$A:$A,Skills!$F:$F)=TRUE) -> TRUE | F7: =IF($A7="攻击",$C7,Input!$F$20) -> 2 | G7: =IF($A7="看破",$C7,Input!$F$21) -> 2 | H7: =IF($A7="弱点特效",$C7,Input!$F$22) -> 1 | I7: =IF($A7="超会心",$C7,Input!$F$23) -> 1 | J7: =IF($A7="挑战者",$C7,Input!$F$24) -> 3 | K7: =IF($A7="无伤",$C7,Input!$F$25) -> 2 | L7: =IF($A7="怨恨",$C7,Input!$F$26) -> 0 | M7: =IF($A7="集中",$C7,Input!$F$27) -> 0 | N7: =IF($A7="属性强化",$C7,Input!$F$28) -> 0 | O7: =Input!$F$29 -> 0 | P7: =Input!$F$30 -> 0 | Q7: =IF($A7="纳刀术",$C7,Input!$F$31) -> 0 | R7: =(Calc_Current!$B$2+Calc_Current!$B$24+_xlfn.XLOOKUP("攻击|"&F7,Skills!$A:$A,Skills!$G:$G,0)+_xlfn.XLOOKUP("挑战者|"&J7,Skills!$A:$A,Skills!$G:$G,0)*Input!$B$10+_xlfn.XLOOKUP("无伤|"&K7,Skills!$A:$A,Skills!$G:$G,0)*Input!$B$11+_xlfn.XLOOKUP("怨恨|"&L7,Skills!$A:$A,Skills!$G:$G,0)*Input!$B$12)*Calc_Current!$B$26 -> 426 | S7: =Calc_Current!$B$3+_xlfn.XLOOKUP("攻击|"&F7,Skills!$A:$A,Skills!$I:$I,0)+_xlfn.XLOOKUP("看破|"&G7,Skills!$A:$A,Skills!$I:$I,0)+IF(Calc_Current!$B$21,IF(Input!$B$5,_xlfn.XLOOKUP("弱点特效|"&H7,Skills!$A:$A,Skills!$L:$L,0),_xlfn.XLOOKUP("弱点特效|"&H7,Skills!$A:$A,Skills!$K:$K,0))*Input!$B$9,0)+_xlfn.XLOOKUP("挑战者|"&J7,Skills!$A:$A,Skills!$I:$I,0)*Input!$B$10+_xlfn.XLOOKUP("力量解放|"&O7,Skills!$A:$A,Skills!$I:$I,0)*Input!$B$13+_xlfn.XLOOKUP("精神抖擞|"&P7,Skills!$A:$A,Skills!$I:$I,0)*Input!$B$14 -> -0.0875 | T7: =MAX(-100%,MIN(100%,S7)) -> -0.0875 | U7: =_xlfn.XLOOKUP("超会心|"&I7,Skills!$A:$A,Skills!$J:$J,1.25) -> 1.3 | V7: =IF(T7>=0,1+T7*(U7-1),1+T7*0.25) -> 0.978125 | W7: =Calc_Current!$B$11-Calc_Current!$B$12*ROUNDDOWN(Calc_Current!$B$13*_xlfn.XLOOKUP("集中|"&M7,Skills!$A:$A,Skills!$M:$M,0),0)-Calc_Current!$B$14*_xlfn.XLOOKUP("纳刀术|"&Q7,Skills!$A:$A,Skills!$N:$N,0) -> 298 | X7: =IF(Calc_Current!$B$4=0,0,(Calc_Current!$B$4+_xlfn.XLOOKUP("属性强化|"&N7,Skills!$A:$A,Skills!$O:$O,0))*_xlfn.XLOOKUP("属性强化|"&N7,Skills!$A:$A,Skills!$P:$P,1)) -> 180 | Y7: =Calc_Current!$B$9/100*R7*Calc_Current!$B$5*Calc_Current!$B$20/100*V7*Input!$B$6 -> 1508.1101 | Z7: =Calc_Current!$B$10*X7/10*Calc_Current!$B$6*Calc_Current!$B$18/100 -> 25.65 | AA7: =Y7+Z7 -> 1533.7601 | AB7: =IF(E7,AA7*30/W7,"") -> 154.40538 | AC7: =IF(E7,AB7/Calc_Current!$B$48-1,"") -> 0.0058038922 | AD7: =A7&" "&B7&"→"&C7 -> 无伤 1→2 | AF7: 6 | AG7: 无伤 1→2 | AH7: 154.40538 | AI7: 0.0058038922 | AP7: 第一推荐 | AQ7: =AG2 -> 看破 2→3
A8: 怨恨 | B8: {=_xlfn.SWITCH(A8,"攻击",Input!$F$20,"看破",Input!$F$21,"弱点特效",Input!$F$22,"超会心",Input!$F$23,"挑战者",Input!$F$24,"无伤",Input!$F$25,"怨恨",Input!$F$26,"集中",Input!$F$27,"属性强化",Input!$F$28,"力量解放",Input!$F$29,"精神抖擞",Input!$F$30,"纳刀术",Input!$F$31)} -> 0 | C8: =B8+1 -> 1 | D8: =_xlfn.XLOOKUP(A8&"|0",Skills!$A:$A,Skills!$D:$D) -> 5 | E8: =AND(C8<=D8,_xlfn.XLOOKUP(A8&"|0",Skills!$A:$A,Skills!$F:$F)=TRUE) -> TRUE | F8: =IF($A8="攻击",$C8,Input!$F$20) -> 2 | G8: =IF($A8="看破",$C8,Input!$F$21) -> 2 | H8: =IF($A8="弱点特效",$C8,Input!$F$22) -> 1 | I8: =IF($A8="超会心",$C8,Input!$F$23) -> 1 | J8: =IF($A8="挑战者",$C8,Input!$F$24) -> 3 | K8: =IF($A8="无伤",$C8,Input!$F$25) -> 1 | L8: =IF($A8="怨恨",$C8,Input!$F$26) -> 1 | M8: =IF($A8="集中",$C8,Input!$F$27) -> 0 | N8: =IF($A8="属性强化",$C8,Input!$F$28) -> 0 | O8: =Input!$F$29 -> 0 | P8: =Input!$F$30 -> 0 | Q8: =IF($A8="纳刀术",$C8,Input!$F$31) -> 0 | R8: =(Calc_Current!$B$2+Calc_Current!$B$24+_xlfn.XLOOKUP("攻击|"&F8,Skills!$A:$A,Skills!$G:$G,0)+_xlfn.XLOOKUP("挑战者|"&J8,Skills!$A:$A,Skills!$G:$G,0)*Input!$B$10+_xlfn.XLOOKUP("无伤|"&K8,Skills!$A:$A,Skills!$G:$G,0)*Input!$B$11+_xlfn.XLOOKUP("怨恨|"&L8,Skills!$A:$A,Skills!$G:$G,0)*Input!$B$12)*Calc_Current!$B$26 -> 423.75 | S8: =Calc_Current!$B$3+_xlfn.XLOOKUP("攻击|"&F8,Skills!$A:$A,Skills!$I:$I,0)+_xlfn.XLOOKUP("看破|"&G8,Skills!$A:$A,Skills!$I:$I,0)+IF(Calc_Current!$B$21,IF(Input!$B$5,_xlfn.XLOOKUP("弱点特效|"&H8,Skills!$A:$A,Skills!$L:$L,0),_xlfn.XLOOKUP("弱点特效|"&H8,Skills!$A:$A,Skills!$K:$K,0))*Input!$B$9,0)+_xlfn.XLOOKUP("挑战者|"&J8,Skills!$A:$A,Skills!$I:$I,0)*Input!$B$10+_xlfn.XLOOKUP("力量解放|"&O8,Skills!$A:$A,Skills!$I:$I,0)*Input!$B$13+_xlfn.XLOOKUP("精神抖擞|"&P8,Skills!$A:$A,Skills!$I:$I,0)*Input!$B$14 -> -0.0875 | T8: =MAX(-100%,MIN(100%,S8)) -> -0.0875 | U8: =_xlfn.XLOOKUP("超会心|"&I8,Skills!$A:$A,Skills!$J:$J,1.25) -> 1.3 | V8: =IF(T8>=0,1+T8*(U8-1),1+T8*0.25) -> 0.978125 | W8: =Calc_Current!$B$11-Calc_Current!$B$12*ROUNDDOWN(Calc_Current!$B$13*_xlfn.XLOOKUP("集中|"&M8,Skills!$A:$A,Skills!$M:$M,0),0)-Calc_Current!$B$14*_xlfn.XLOOKUP("纳刀术|"&Q8,Skills!$A:$A,Skills!$N:$N,0) -> 298 | X8: =IF(Calc_Current!$B$4=0,0,(Calc_Current!$B$4+_xlfn.XLOOKUP("属性强化|"&N8,Skills!$A:$A,Skills!$O:$O,0))*_xlfn.XLOOKUP("属性强化|"&N8,Skills!$A:$A,Skills!$P:$P,1)) -> 180 | Y8: =Calc_Current!$B$9/100*R8*Calc_Current!$B$5*Calc_Current!$B$20/100*V8*Input!$B$6 -> 1500.1447 | Z8: =Calc_Current!$B$10*X8/10*Calc_Current!$B$6*Calc_Current!$B$18/100 -> 25.65 | AA8: =Y8+Z8 -> 1525.7947 | AB8: =IF(E8,AA8*30/W8,"") -> 153.6035 | AC8: =IF(E8,AB8/Calc_Current!$B$48-1,"") -> 0.00058038922 | AD8: =A8&" "&B8&"→"&C8 -> 怨恨 0→1 | AF8: 7 | AG8: 纳刀术 0→1 | AH8: 154.03128 | AI8: 0.0033670034 | AP8: 第一收益率 | AQ8: =AI2 -> 0.012564592
A9: 集中 | B9: {=_xlfn.SWITCH(A9,"攻击",Input!$F$20,"看破",Input!$F$21,"弱点特效",Input!$F$22,"超会心",Input!$F$23,"挑战者",Input!$F$24,"无伤",Input!$F$25,"怨恨",Input!$F$26,"集中",Input!$F$27,"属性强化",Input!$F$28,"力量解放",Input!$F$29,"精神抖擞",Input!$F$30,"纳刀术",Input!$F$31)} -> 0 | C9: =B9+1 -> 1 | D9: =_xlfn.XLOOKUP(A9&"|0",Skills!$A:$A,Skills!$D:$D) -> 3 | E9: =AND(C9<=D9,_xlfn.XLOOKUP(A9&"|0",Skills!$A:$A,Skills!$F:$F)=TRUE) -> TRUE | F9: =IF($A9="攻击",$C9,Input!$F$20) -> 2 | G9: =IF($A9="看破",$C9,Input!$F$21) -> 2 | H9: =IF($A9="弱点特效",$C9,Input!$F$22) -> 1 | I9: =IF($A9="超会心",$C9,Input!$F$23) -> 1 | J9: =IF($A9="挑战者",$C9,Input!$F$24) -> 3 | K9: =IF($A9="无伤",$C9,Input!$F$25) -> 1 | L9: =IF($A9="怨恨",$C9,Input!$F$26) -> 0 | M9: =IF($A9="集中",$C9,Input!$F$27) -> 1 | N9: =IF($A9="属性强化",$C9,Input!$F$28) -> 0 | O9: =Input!$F$29 -> 0 | P9: =Input!$F$30 -> 0 | Q9: =IF($A9="纳刀术",$C9,Input!$F$31) -> 0 | R9: =(Calc_Current!$B$2+Calc_Current!$B$24+_xlfn.XLOOKUP("攻击|"&F9,Skills!$A:$A,Skills!$G:$G,0)+_xlfn.XLOOKUP("挑战者|"&J9,Skills!$A:$A,Skills!$G:$G,0)*Input!$B$10+_xlfn.XLOOKUP("无伤|"&K9,Skills!$A:$A,Skills!$G:$G,0)*Input!$B$11+_xlfn.XLOOKUP("怨恨|"&L9,Skills!$A:$A,Skills!$G:$G,0)*Input!$B$12)*Calc_Current!$B$26 -> 423.5 | S9: =Calc_Current!$B$3+_xlfn.XLOOKUP("攻击|"&F9,Skills!$A:$A,Skills!$I:$I,0)+_xlfn.XLOOKUP("看破|"&G9,Skills!$A:$A,Skills!$I:$I,0)+IF(Calc_Current!$B$21,IF(Input!$B$5,_xlfn.XLOOKUP("弱点特效|"&H9,Skills!$A:$A,Skills!$L:$L,0),_xlfn.XLOOKUP("弱点特效|"&H9,Skills!$A:$A,Skills!$K:$K,0))*Input!$B$9,0)+_xlfn.XLOOKUP("挑战者|"&J9,Skills!$A:$A,Skills!$I:$I,0)*Input!$B$10+_xlfn.XLOOKUP("力量解放|"&O9,Skills!$A:$A,Skills!$I:$I,0)*Input!$B$13+_xlfn.XLOOKUP("精神抖擞|"&P9,Skills!$A:$A,Skills!$I:$I,0)*Input!$B$14 -> -0.0875 | T9: =MAX(-100%,MIN(100%,S9)) -> -0.0875 | U9: =_xlfn.XLOOKUP("超会心|"&I9,Skills!$A:$A,Skills!$J:$J,1.25) -> 1.3 | V9: =IF(T9>=0,1+T9*(U9-1),1+T9*0.25) -> 0.978125 | W9: =Calc_Current!$B$11-Calc_Current!$B$12*ROUNDDOWN(Calc_Current!$B$13*_xlfn.XLOOKUP("集中|"&M9,Skills!$A:$A,Skills!$M:$M,0),0)-Calc_Current!$B$14*_xlfn.XLOOKUP("纳刀术|"&Q9,Skills!$A:$A,Skills!$N:$N,0) -> 295 | X9: =IF(Calc_Current!$B$4=0,0,(Calc_Current!$B$4+_xlfn.XLOOKUP("属性强化|"&N9,Skills!$A:$A,Skills!$O:$O,0))*_xlfn.XLOOKUP("属性强化|"&N9,Skills!$A:$A,Skills!$P:$P,1)) -> 180 | Y9: =Calc_Current!$B$9/100*R9*Calc_Current!$B$5*Calc_Current!$B$20/100*V9*Input!$B$6 -> 1499.2597 | Z9: =Calc_Current!$B$10*X9/10*Calc_Current!$B$6*Calc_Current!$B$18/100 -> 25.65 | AA9: =Y9+Z9 -> 1524.9097 | AB9: =IF(E9,AA9*30/W9,"") -> 155.07556 | AC9: =IF(E9,AB9/Calc_Current!$B$48-1,"") -> 0.010169492 | AD9: =A9&" "&B9&"→"&C9 -> 集中 0→1 | AF9: 8 | AG9: 属性强化 0→1 | AH9: 153.94477 | AI9: 0.0028034447
A10: 纳刀术 | B10: {=_xlfn.SWITCH(A10,"攻击",Input!$F$20,"看破",Input!$F$21,"弱点特效",Input!$F$22,"超会心",Input!$F$23,"挑战者",Input!$F$24,"无伤",Input!$F$25,"怨恨",Input!$F$26,"集中",Input!$F$27,"属性强化",Input!$F$28,"力量解放",Input!$F$29,"精神抖擞",Input!$F$30,"纳刀术",Input!$F$31)} -> 0 | C10: =B10+1 -> 1 | D10: =_xlfn.XLOOKUP(A10&"|0",Skills!$A:$A,Skills!$D:$D) -> 3 | E10: =AND(C10<=D10,_xlfn.XLOOKUP(A10&"|0",Skills!$A:$A,Skills!$F:$F)=TRUE) -> TRUE | F10: =IF($A10="攻击",$C10,Input!$F$20) -> 2 | G10: =IF($A10="看破",$C10,Input!$F$21) -> 2 | H10: =IF($A10="弱点特效",$C10,Input!$F$22) -> 1 | I10: =IF($A10="超会心",$C10,Input!$F$23) -> 1 | J10: =IF($A10="挑战者",$C10,Input!$F$24) -> 3 | K10: =IF($A10="无伤",$C10,Input!$F$25) -> 1 | L10: =IF($A10="怨恨",$C10,Input!$F$26) -> 0 | M10: =IF($A10="集中",$C10,Input!$F$27) -> 0 | N10: =IF($A10="属性强化",$C10,Input!$F$28) -> 0 | O10: =Input!$F$29 -> 0 | P10: =Input!$F$30 -> 0 | Q10: =IF($A10="纳刀术",$C10,Input!$F$31) -> 1 | R10: =(Calc_Current!$B$2+Calc_Current!$B$24+_xlfn.XLOOKUP("攻击|"&F10,Skills!$A:$A,Skills!$G:$G,0)+_xlfn.XLOOKUP("挑战者|"&J10,Skills!$A:$A,Skills!$G:$G,0)*Input!$B$10+_xlfn.XLOOKUP("无伤|"&K10,Skills!$A:$A,Skills!$G:$G,0)*Input!$B$11+_xlfn.XLOOKUP("怨恨|"&L10,Skills!$A:$A,Skills!$G:$G,0)*Input!$B$12)*Calc_Current!$B$26 -> 423.5 | S10: =Calc_Current!$B$3+_xlfn.XLOOKUP("攻击|"&F10,Skills!$A:$A,Skills!$I:$I,0)+_xlfn.XLOOKUP("看破|"&G10,Skills!$A:$A,Skills!$I:$I,0)+IF(Calc_Current!$B$21,IF(Input!$B$5,_xlfn.XLOOKUP("弱点特效|"&H10,Skills!$A:$A,Skills!$L:$L,0),_xlfn.XLOOKUP("弱点特效|"&H10,Skills!$A:$A,Skills!$K:$K,0))*Input!$B$9,0)+_xlfn.XLOOKUP("挑战者|"&J10,Skills!$A:$A,Skills!$I:$I,0)*Input!$B$10+_xlfn.XLOOKUP("力量解放|"&O10,Skills!$A:$A,Skills!$I:$I,0)*Input!$B$13+_xlfn.XLOOKUP("精神抖擞|"&P10,Skills!$A:$A,Skills!$I:$I,0)*Input!$B$14 -> -0.0875 | T10: =MAX(-100%,MIN(100%,S10)) -> -0.0875 | U10: =_xlfn.XLOOKUP("超会心|"&I10,Skills!$A:$A,Skills!$J:$J,1.25) -> 1.3 | V10: =IF(T10>=0,1+T10*(U10-1),1+T10*0.25) -> 0.978125 | W10: =Calc_Current!$B$11-Calc_Current!$B$12*ROUNDDOWN(Calc_Current!$B$13*_xlfn.XLOOKUP("集中|"&M10,Skills!$A:$A,Skills!$M:$M,0),0)-Calc_Current!$B$14*_xlfn.XLOOKUP("纳刀术|"&Q10,Skills!$A:$A,Skills!$N:$N,0) -> 297 | X10: =IF(Calc_Current!$B$4=0,0,(Calc_Current!$B$4+_xlfn.XLOOKUP("属性强化|"&N10,Skills!$A:$A,Skills!$O:$O,0))*_xlfn.XLOOKUP("属性强化|"&N10,Skills!$A:$A,Skills!$P:$P,1)) -> 180 | Y10: =Calc_Current!$B$9/100*R10*Calc_Current!$B$5*Calc_Current!$B$20/100*V10*Input!$B$6 -> 1499.2597 | Z10: =Calc_Current!$B$10*X10/10*Calc_Current!$B$6*Calc_Current!$B$18/100 -> 25.65 | AA10: =Y10+Z10 -> 1524.9097 | AB10: =IF(E10,AA10*30/W10,"") -> 154.03128 | AC10: =IF(E10,AB10/Calc_Current!$B$48-1,"") -> 0.0033670034 | AD10: =A10&" "&B10&"→"&C10 -> 纳刀术 0→1 | AF10: 9 | AG10: 怨恨 0→1 | AH10: 153.6035 | AI10: 0.00058038922
A11: 属性强化 | B11: {=_xlfn.SWITCH(A11,"攻击",Input!$F$20,"看破",Input!$F$21,"弱点特效",Input!$F$22,"超会心",Input!$F$23,"挑战者",Input!$F$24,"无伤",Input!$F$25,"怨恨",Input!$F$26,"集中",Input!$F$27,"属性强化",Input!$F$28,"力量解放",Input!$F$29,"精神抖擞",Input!$F$30,"纳刀术",Input!$F$31)} -> 0 | C11: =B11+1 -> 1 | D11: =_xlfn.XLOOKUP(A11&"|0",Skills!$A:$A,Skills!$D:$D) -> 6 | E11: =AND(C11<=D11,_xlfn.XLOOKUP(A11&"|0",Skills!$A:$A,Skills!$F:$F)=TRUE) -> TRUE | F11: =IF($A11="攻击",$C11,Input!$F$20) -> 2 | G11: =IF($A11="看破",$C11,Input!$F$21) -> 2 | H11: =IF($A11="弱点特效",$C11,Input!$F$22) -> 1 | I11: =IF($A11="超会心",$C11,Input!$F$23) -> 1 | J11: =IF($A11="挑战者",$C11,Input!$F$24) -> 3 | K11: =IF($A11="无伤",$C11,Input!$F$25) -> 1 | L11: =IF($A11="怨恨",$C11,Input!$F$26) -> 0 | M11: =IF($A11="集中",$C11,Input!$F$27) -> 0 | N11: =IF($A11="属性强化",$C11,Input!$F$28) -> 1 | O11: =Input!$F$29 -> 0 | P11: =Input!$F$30 -> 0 | Q11: =IF($A11="纳刀术",$C11,Input!$F$31) -> 0 | R11: =(Calc_Current!$B$2+Calc_Current!$B$24+_xlfn.XLOOKUP("攻击|"&F11,Skills!$A:$A,Skills!$G:$G,0)+_xlfn.XLOOKUP("挑战者|"&J11,Skills!$A:$A,Skills!$G:$G,0)*Input!$B$10+_xlfn.XLOOKUP("无伤|"&K11,Skills!$A:$A,Skills!$G:$G,0)*Input!$B$11+_xlfn.XLOOKUP("怨恨|"&L11,Skills!$A:$A,Skills!$G:$G,0)*Input!$B$12)*Calc_Current!$B$26 -> 423.5 | S11: =Calc_Current!$B$3+_xlfn.XLOOKUP("攻击|"&F11,Skills!$A:$A,Skills!$I:$I,0)+_xlfn.XLOOKUP("看破|"&G11,Skills!$A:$A,Skills!$I:$I,0)+IF(Calc_Current!$B$21,IF(Input!$B$5,_xlfn.XLOOKUP("弱点特效|"&H11,Skills!$A:$A,Skills!$L:$L,0),_xlfn.XLOOKUP("弱点特效|"&H11,Skills!$A:$A,Skills!$K:$K,0))*Input!$B$9,0)+_xlfn.XLOOKUP("挑战者|"&J11,Skills!$A:$A,Skills!$I:$I,0)*Input!$B$10+_xlfn.XLOOKUP("力量解放|"&O11,Skills!$A:$A,Skills!$I:$I,0)*Input!$B$13+_xlfn.XLOOKUP("精神抖擞|"&P11,Skills!$A:$A,Skills!$I:$I,0)*Input!$B$14 -> -0.0875 | T11: =MAX(-100%,MIN(100%,S11)) -> -0.0875 | U11: =_xlfn.XLOOKUP("超会心|"&I11,Skills!$A:$A,Skills!$J:$J,1.25) -> 1.3 | V11: =IF(T11>=0,1+T11*(U11-1),1+T11*0.25) -> 0.978125 | W11: =Calc_Current!$B$11-Calc_Current!$B$12*ROUNDDOWN(Calc_Current!$B$13*_xlfn.XLOOKUP("集中|"&M11,Skills!$A:$A,Skills!$M:$M,0),0)-Calc_Current!$B$14*_xlfn.XLOOKUP("纳刀术|"&Q11,Skills!$A:$A,Skills!$N:$N,0) -> 298 | X11: =IF(Calc_Current!$B$4=0,0,(Calc_Current!$B$4+_xlfn.XLOOKUP("属性强化|"&N11,Skills!$A:$A,Skills!$O:$O,0))*_xlfn.XLOOKUP("属性强化|"&N11,Skills!$A:$A,Skills!$P:$P,1)) -> 210 | Y11: =Calc_Current!$B$9/100*R11*Calc_Current!$B$5*Calc_Current!$B$20/100*V11*Input!$B$6 -> 1499.2597 | Z11: =Calc_Current!$B$10*X11/10*Calc_Current!$B$6*Calc_Current!$B$18/100 -> 29.925 | AA11: =Y11+Z11 -> 1529.1847 | AB11: =IF(E11,AA11*30/W11,"") -> 153.94477 | AC11: =IF(E11,AB11/Calc_Current!$B$48-1,"") -> 0.0028034447 | AD11: =A11&" "&B11&"→"&C11 -> 属性强化 0→1 | AF11: 10 | AG11: 超会心 1→2 | AH11: 153.5144 | AI11: 0

Sheet Curve_Plot_Future
A1: add_levels | B1: 攻击 | C1: 看破 | D1: 弱点特效 | E1: 超会心 | F1: 挑战者 | G1: 无伤 | H1: 怨恨 | I1: 集中 | J1: 纳刀术 | K1: 属性强化
A2: 0 | B2: 0 | C2: 0 | D2: 0 | E2: 0 | F2: 0 | G2: 0 | H2: 0 | I2: 0 | J2: 0 | K2: 0
A3: 1 | B3: {=IFERROR(_xlfn.XLOOKUP(1,(Curve_Future!$A$2:$A$71=B$1)*(Curve_Future!$D$2:$D$71=$A3)*(Curve_Future!$F$2:$F$71=TRUE),Curve_Future!$AD$2:$AD$71),NA())} -> 0.0069646706 | C3: {=IFERROR(_xlfn.XLOOKUP(1,(Curve_Future!$A$2:$A$71=C$1)*(Curve_Future!$D$2:$D$71=$A3)*(Curve_Future!$F$2:$F$71=TRUE),Curve_Future!$AD$2:$AD$71),NA())} -> 0.012564592 | D3: {=IFERROR(_xlfn.XLOOKUP(1,(Curve_Future!$A$2:$A$71=D$1)*(Curve_Future!$D$2:$D$71=$A3)*(Curve_Future!$F$2:$F$71=TRUE),Curve_Future!$AD$2:$AD$71),NA())} -> 0.0075387553 | E3: {=IFERROR(_xlfn.XLOOKUP(1,(Curve_Future!$A$2:$A$71=E$1)*(Curve_Future!$D$2:$D$71=$A3)*(Curve_Future!$F$2:$F$71=TRUE),Curve_Future!$AD$2:$AD$71),NA())} -> 0 | F3: {=IFERROR(_xlfn.XLOOKUP(1,(Curve_Future!$A$2:$A$71=F$1)*(Curve_Future!$D$2:$D$71=$A3)*(Curve_Future!$F$2:$F$71=TRUE),Curve_Future!$AD$2:$AD$71),NA())} -> 0.0069646706 | G3: {=IFERROR(_xlfn.XLOOKUP(1,(Curve_Future!$A$2:$A$71=G$1)*(Curve_Future!$D$2:$D$71=$A3)*(Curve_Future!$F$2:$F$71=TRUE),Curve_Future!$AD$2:$AD$71),NA())} -> 0.0058038922 | H3: {=IFERROR(_xlfn.XLOOKUP(1,(Curve_Future!$A$2:$A$71=H$1)*(Curve_Future!$D$2:$D$71=$A3)*(Curve_Future!$F$2:$F$71=TRUE),Curve_Future!$AD$2:$AD$71),NA())} -> 0.00058038922 | I3: {=IFERROR(_xlfn.XLOOKUP(1,(Curve_Future!$A$2:$A$71=I$1)*(Curve_Future!$D$2:$D$71=$A3)*(Curve_Future!$F$2:$F$71=TRUE),Curve_Future!$AD$2:$AD$71),NA())} -> 0.010169492 | ... K3: {=IFERROR(_xlfn.XLOOKUP(1,(Curve_Future!$A$2:$A$71=K$1)*(Curve_Future!$D$2:$D$71=$A3)*(Curve_Future!$F$2:$F$71=TRUE),Curve_Future!$AD$2:$AD$71),NA())} -> 0.0028034447
A4: 2 | B4: {=IFERROR(_xlfn.XLOOKUP(1,(Curve_Future!$A$2:$A$71=B$1)*(Curve_Future!$D$2:$D$71=$A4)*(Curve_Future!$F$2:$F$71=TRUE),Curve_Future!$AD$2:$AD$71),NA())} -> 0.026671944 | C4: {=IFERROR(_xlfn.XLOOKUP(1,(Curve_Future!$A$2:$A$71=C$1)*(Curve_Future!$D$2:$D$71=$A4)*(Curve_Future!$F$2:$F$71=TRUE),Curve_Future!$AD$2:$AD$71),NA())} -> 0.025757414 | D4: {=IFERROR(_xlfn.XLOOKUP(1,(Curve_Future!$A$2:$A$71=D$1)*(Curve_Future!$D$2:$D$71=$A4)*(Curve_Future!$F$2:$F$71=TRUE),Curve_Future!$AD$2:$AD$71),NA())} -> 0.031788418 | E4: {=IFERROR(_xlfn.XLOOKUP(1,(Curve_Future!$A$2:$A$71=E$1)*(Curve_Future!$D$2:$D$71=$A4)*(Curve_Future!$F$2:$F$71=TRUE),Curve_Future!$AD$2:$AD$71),NA())} -> 0 | F4: {=IFERROR(_xlfn.XLOOKUP(1,(Curve_Future!$A$2:$A$71=F$1)*(Curve_Future!$D$2:$D$71=$A4)*(Curve_Future!$F$2:$F$71=TRUE),Curve_Future!$AD$2:$AD$71),NA())} -> 0.019663512 | G4: {=IFERROR(_xlfn.XLOOKUP(1,(Curve_Future!$A$2:$A$71=G$1)*(Curve_Future!$D$2:$D$71=$A4)*(Curve_Future!$F$2:$F$71=TRUE),Curve_Future!$AD$2:$AD$71),NA())} -> 0.017411676 | H4: {=IFERROR(_xlfn.XLOOKUP(1,(Curve_Future!$A$2:$A$71=H$1)*(Curve_Future!$D$2:$D$71=$A4)*(Curve_Future!$F$2:$F$71=TRUE),Curve_Future!$AD$2:$AD$71),NA())} -> 0.0011607784 | I4: {=IFERROR(_xlfn.XLOOKUP(1,(Curve_Future!$A$2:$A$71=I$1)*(Curve_Future!$D$2:$D$71=$A4)*(Curve_Future!$F$2:$F$71=TRUE),Curve_Future!$AD$2:$AD$71),NA())} -> 0.024054983 | ... K4: {=IFERROR(_xlfn.XLOOKUP(1,(Curve_Future!$A$2:$A$71=K$1)*(Curve_Future!$D$2:$D$71=$A4)*(Curve_Future!$F$2:$F$71=TRUE),Curve_Future!$AD$2:$AD$71),NA())} -> 0.0056068894
A5: 3 | B5: {=IFERROR(_xlfn.XLOOKUP(1,(Curve_Future!$A$2:$A$71=B$1)*(Curve_Future!$D$2:$D$71=$A5)*(Curve_Future!$F$2:$F$71=TRUE),Curve_Future!$AD$2:$AD$71),NA())} -> 0.03372562 | C5: {=IFERROR(_xlfn.XLOOKUP(1,(Curve_Future!$A$2:$A$71=C$1)*(Curve_Future!$D$2:$D$71=$A5)*(Curve_Future!$F$2:$F$71=TRUE),Curve_Future!$AD$2:$AD$71),NA())} -> 0.040834924 | D5: {=IFERROR(_xlfn.XLOOKUP(1,(Curve_Future!$A$2:$A$71=D$1)*(Curve_Future!$D$2:$D$71=$A5)*(Curve_Future!$F$2:$F$71=TRUE),Curve_Future!$AD$2:$AD$71),NA())} -> #N/A | E5: {=IFERROR(_xlfn.XLOOKUP(1,(Curve_Future!$A$2:$A$71=E$1)*(Curve_Future!$D$2:$D$71=$A5)*(Curve_Future!$F$2:$F$71=TRUE),Curve_Future!$AD$2:$AD$71),NA())} -> #N/A | F5: {=IFERROR(_xlfn.XLOOKUP(1,(Curve_Future!$A$2:$A$71=F$1)*(Curve_Future!$D$2:$D$71=$A5)*(Curve_Future!$F$2:$F$71=TRUE),Curve_Future!$AD$2:$AD$71),NA())} -> 0.036291942 | G5: {=IFERROR(_xlfn.XLOOKUP(1,(Curve_Future!$A$2:$A$71=G$1)*(Curve_Future!$D$2:$D$71=$A5)*(Curve_Future!$F$2:$F$71=TRUE),Curve_Future!$AD$2:$AD$71),NA())} -> #N/A | H5: {=IFERROR(_xlfn.XLOOKUP(1,(Curve_Future!$A$2:$A$71=H$1)*(Curve_Future!$D$2:$D$71=$A5)*(Curve_Future!$F$2:$F$71=TRUE),Curve_Future!$AD$2:$AD$71),NA())} -> 0.0017411676 | I5: {=IFERROR(_xlfn.XLOOKUP(1,(Curve_Future!$A$2:$A$71=I$1)*(Curve_Future!$D$2:$D$71=$A5)*(Curve_Future!$F$2:$F$71=TRUE),Curve_Future!$AD$2:$AD$71),NA())} -> 0.034722222 | ... K5: {=IFERROR(_xlfn.XLOOKUP(1,(Curve_Future!$A$2:$A$71=K$1)*(Curve_Future!$D$2:$D$71=$A5)*(Curve_Future!$F$2:$F$71=TRUE),Curve_Future!$AD$2:$AD$71),NA())} -> 0.0093448156
A6: 4 | B6: {=IFERROR(_xlfn.XLOOKUP(1,(Curve_Future!$A$2:$A$71=B$1)*(Curve_Future!$D$2:$D$71=$A6)*(Curve_Future!$F$2:$F$71=TRUE),Curve_Future!$AD$2:$AD$71),NA())} -> 0.040779296 | C6: {=IFERROR(_xlfn.XLOOKUP(1,(Curve_Future!$A$2:$A$71=C$1)*(Curve_Future!$D$2:$D$71=$A6)*(Curve_Future!$F$2:$F$71=TRUE),Curve_Future!$AD$2:$AD$71),NA())} -> 0.055912435 | D6: {=IFERROR(_xlfn.XLOOKUP(1,(Curve_Future!$A$2:$A$71=D$1)*(Curve_Future!$D$2:$D$71=$A6)*(Curve_Future!$F$2:$F$71=TRUE),Curve_Future!$AD$2:$AD$71),NA())} -> #N/A | E6: {=IFERROR(_xlfn.XLOOKUP(1,(Curve_Future!$A$2:$A$71=E$1)*(Curve_Future!$D$2:$D$71=$A6)*(Curve_Future!$F$2:$F$71=TRUE),Curve_Future!$AD$2:$AD$71),NA())} -> #N/A | F6: {=IFERROR(_xlfn.XLOOKUP(1,(Curve_Future!$A$2:$A$71=F$1)*(Curve_Future!$D$2:$D$71=$A6)*(Curve_Future!$F$2:$F$71=TRUE),Curve_Future!$AD$2:$AD$71),NA())} -> 0.053570703 | G6: {=IFERROR(_xlfn.XLOOKUP(1,(Curve_Future!$A$2:$A$71=G$1)*(Curve_Future!$D$2:$D$71=$A6)*(Curve_Future!$F$2:$F$71=TRUE),Curve_Future!$AD$2:$AD$71),NA())} -> #N/A | H6: {=IFERROR(_xlfn.XLOOKUP(1,(Curve_Future!$A$2:$A$71=H$1)*(Curve_Future!$D$2:$D$71=$A6)*(Curve_Future!$F$2:$F$71=TRUE),Curve_Future!$AD$2:$AD$71),NA())} -> 0.0023215569 | I6: {=IFERROR(_xlfn.XLOOKUP(1,(Curve_Future!$A$2:$A$71=I$1)*(Curve_Future!$D$2:$D$71=$A6)*(Curve_Future!$F$2:$F$71=TRUE),Curve_Future!$AD$2:$AD$71),NA())} -> #N/A | ... K6: {=IFERROR(_xlfn.XLOOKUP(1,(Curve_Future!$A$2:$A$71=K$1)*(Curve_Future!$D$2:$D$71=$A6)*(Curve_Future!$F$2:$F$71=TRUE),Curve_Future!$AD$2:$AD$71),NA())} -> 0.01065309
A7: 5 | B7: {=IFERROR(_xlfn.XLOOKUP(1,(Curve_Future!$A$2:$A$71=B$1)*(Curve_Future!$D$2:$D$71=$A7)*(Curve_Future!$F$2:$F$71=TRUE),Curve_Future!$AD$2:$AD$71),NA())} -> 0.047832972 | C7: {=IFERROR(_xlfn.XLOOKUP(1,(Curve_Future!$A$2:$A$71=C$1)*(Curve_Future!$D$2:$D$71=$A7)*(Curve_Future!$F$2:$F$71=TRUE),Curve_Future!$AD$2:$AD$71),NA())} -> 0.086067456 | D7: {=IFERROR(_xlfn.XLOOKUP(1,(Curve_Future!$A$2:$A$71=D$1)*(Curve_Future!$D$2:$D$71=$A7)*(Curve_Future!$F$2:$F$71=TRUE),Curve_Future!$AD$2:$AD$71),NA())} -> #N/A | E7: {=IFERROR(_xlfn.XLOOKUP(1,(Curve_Future!$A$2:$A$71=E$1)*(Curve_Future!$D$2:$D$71=$A7)*(Curve_Future!$F$2:$F$71=TRUE),Curve_Future!$AD$2:$AD$71),NA())} -> #N/A | F7: {=IFERROR(_xlfn.XLOOKUP(1,(Curve_Future!$A$2:$A$71=F$1)*(Curve_Future!$D$2:$D$71=$A7)*(Curve_Future!$F$2:$F$71=TRUE),Curve_Future!$AD$2:$AD$71),NA())} -> #N/A | G7: {=IFERROR(_xlfn.XLOOKUP(1,(Curve_Future!$A$2:$A$71=G$1)*(Curve_Future!$D$2:$D$71=$A7)*(Curve_Future!$F$2:$F$71=TRUE),Curve_Future!$AD$2:$AD$71),NA())} -> #N/A | H7: {=IFERROR(_xlfn.XLOOKUP(1,(Curve_Future!$A$2:$A$71=H$1)*(Curve_Future!$D$2:$D$71=$A7)*(Curve_Future!$F$2:$F$71=TRUE),Curve_Future!$AD$2:$AD$71),NA())} -> 0.0029019461 | I7: {=IFERROR(_xlfn.XLOOKUP(1,(Curve_Future!$A$2:$A$71=I$1)*(Curve_Future!$D$2:$D$71=$A7)*(Curve_Future!$F$2:$F$71=TRUE),Curve_Future!$AD$2:$AD$71),NA())} -> #N/A | ... K7: {=IFERROR(_xlfn.XLOOKUP(1,(Curve_Future!$A$2:$A$71=K$1)*(Curve_Future!$D$2:$D$71=$A7)*(Curve_Future!$F$2:$F$71=TRUE),Curve_Future!$AD$2:$AD$71),NA())} -> 0.011961364
A8: 6 | B8: {=IFERROR(_xlfn.XLOOKUP(1,(Curve_Future!$A$2:$A$71=B$1)*(Curve_Future!$D$2:$D$71=$A8)*(Curve_Future!$F$2:$F$71=TRUE),Curve_Future!$AD$2:$AD$71),NA())} -> #N/A | C8: {=IFERROR(_xlfn.XLOOKUP(1,(Curve_Future!$A$2:$A$71=C$1)*(Curve_Future!$D$2:$D$71=$A8)*(Curve_Future!$F$2:$F$71=TRUE),Curve_Future!$AD$2:$AD$71),NA())} -> #N/A | D8: {=IFERROR(_xlfn.XLOOKUP(1,(Curve_Future!$A$2:$A$71=D$1)*(Curve_Future!$D$2:$D$71=$A8)*(Curve_Future!$F$2:$F$71=TRUE),Curve_Future!$AD$2:$AD$71),NA())} -> #N/A | E8: {=IFERROR(_xlfn.XLOOKUP(1,(Curve_Future!$A$2:$A$71=E$1)*(Curve_Future!$D$2:$D$71=$A8)*(Curve_Future!$F$2:$F$71=TRUE),Curve_Future!$AD$2:$AD$71),NA())} -> #N/A | F8: {=IFERROR(_xlfn.XLOOKUP(1,(Curve_Future!$A$2:$A$71=F$1)*(Curve_Future!$D$2:$D$71=$A8)*(Curve_Future!$F$2:$F$71=TRUE),Curve_Future!$AD$2:$AD$71),NA())} -> #N/A | G8: {=IFERROR(_xlfn.XLOOKUP(1,(Curve_Future!$A$2:$A$71=G$1)*(Curve_Future!$D$2:$D$71=$A8)*(Curve_Future!$F$2:$F$71=TRUE),Curve_Future!$AD$2:$AD$71),NA())} -> #N/A | H8: {=IFERROR(_xlfn.XLOOKUP(1,(Curve_Future!$A$2:$A$71=H$1)*(Curve_Future!$D$2:$D$71=$A8)*(Curve_Future!$F$2:$F$71=TRUE),Curve_Future!$AD$2:$AD$71),NA())} -> #N/A | I8: {=IFERROR(_xlfn.XLOOKUP(1,(Curve_Future!$A$2:$A$71=I$1)*(Curve_Future!$D$2:$D$71=$A8)*(Curve_Future!$F$2:$F$71=TRUE),Curve_Future!$AD$2:$AD$71),NA())} -> #N/A | ... K8: {=IFERROR(_xlfn.XLOOKUP(1,(Curve_Future!$A$2:$A$71=K$1)*(Curve_Future!$D$2:$D$71=$A8)*(Curve_Future!$F$2:$F$71=TRUE),Curve_Future!$AD$2:$AD$71),NA())} -> 0.014577912
A9: 7 | B9: {=IFERROR(_xlfn.XLOOKUP(1,(Curve_Future!$A$2:$A$71=B$1)*(Curve_Future!$D$2:$D$71=$A9)*(Curve_Future!$F$2:$F$71=TRUE),Curve_Future!$AD$2:$AD$71),NA())} -> #N/A | C9: {=IFERROR(_xlfn.XLOOKUP(1,(Curve_Future!$A$2:$A$71=C$1)*(Curve_Future!$D$2:$D$71=$A9)*(Curve_Future!$F$2:$F$71=TRUE),Curve_Future!$AD$2:$AD$71),NA())} -> #N/A | D9: {=IFERROR(_xlfn.XLOOKUP(1,(Curve_Future!$A$2:$A$71=D$1)*(Curve_Future!$D$2:$D$71=$A9)*(Curve_Future!$F$2:$F$71=TRUE),Curve_Future!$AD$2:$AD$71),NA())} -> #N/A | E9: {=IFERROR(_xlfn.XLOOKUP(1,(Curve_Future!$A$2:$A$71=E$1)*(Curve_Future!$D$2:$D$71=$A9)*(Curve_Future!$F$2:$F$71=TRUE),Curve_Future!$AD$2:$AD$71),NA())} -> #N/A | F9: {=IFERROR(_xlfn.XLOOKUP(1,(Curve_Future!$A$2:$A$71=F$1)*(Curve_Future!$D$2:$D$71=$A9)*(Curve_Future!$F$2:$F$71=TRUE),Curve_Future!$AD$2:$AD$71),NA())} -> #N/A | G9: {=IFERROR(_xlfn.XLOOKUP(1,(Curve_Future!$A$2:$A$71=G$1)*(Curve_Future!$D$2:$D$71=$A9)*(Curve_Future!$F$2:$F$71=TRUE),Curve_Future!$AD$2:$AD$71),NA())} -> #N/A | H9: {=IFERROR(_xlfn.XLOOKUP(1,(Curve_Future!$A$2:$A$71=H$1)*(Curve_Future!$D$2:$D$71=$A9)*(Curve_Future!$F$2:$F$71=TRUE),Curve_Future!$AD$2:$AD$71),NA())} -> #N/A | I9: {=IFERROR(_xlfn.XLOOKUP(1,(Curve_Future!$A$2:$A$71=I$1)*(Curve_Future!$D$2:$D$71=$A9)*(Curve_Future!$F$2:$F$71=TRUE),Curve_Future!$AD$2:$AD$71),NA())} -> #N/A | ... K9: {=IFERROR(_xlfn.XLOOKUP(1,(Curve_Future!$A$2:$A$71=K$1)*(Curve_Future!$D$2:$D$71=$A9)*(Curve_Future!$F$2:$F$71=TRUE),Curve_Future!$AD$2:$AD$71),NA())} -> #N/A

Sheet Dashboard
A1: 《怪物猎人：世界 Iceborne》大剑技能边际收益推荐器
A2: 基于当前武器、连段、肉质、覆盖率与技能等级，计算下一点技能的 DPS 边际收益
C4: 武器 | D4: =_xlfn.XLOOKUP(Input!$B$2,Weapons!$A:$A,Weapons!$B:$B) -> 黑龙玄刃 | G4: 当前 DPS | J4: 第一推荐 | M4: 第一收益 | P4: 当前会心
C5: 连段 | D5: =_xlfn.XLOOKUP(Input!$B$3,Combo_Calc!$A:$A,Combo_Calc!$B:$B) -> 直斩投射器真蓄 | G5: =Calc_Current!$B$48 -> 153.5144 | J5: =IFERROR(Recommend!$AG$2,"无可推荐技能") -> 看破 2→3 | M5: =IFERROR(Recommend!$AI$2,"") -> 0.012564592 | P5: =Calc_Current!$B$31 -> -0.0875
C6: 目标部位 | D6: =_xlfn.XLOOKUP(Input!$B$4,Hitzone!$A:$A,Hitzone!$B:$B)&" / "&_xlfn.XLOOKUP(Input!$B$4,Hitzone!$A:$A,Hitzone!$C:$C)&" / "&_xlfn.XLOOKUP(Input!$B$4,Hitzone!$A:$A,Hitzone!$D:$D) -> 训练场木桩 / 固定 / 木桩
C7: 软化状态 | D7: =IF(Input!$B$5,"软化","未软化") -> 未软化 | G7: 当前有效帧 | J7: 当前 ATK | M7: 当前 ECM | P7: 弱特状态
C8: 刃中补正 | D8: =Input!$B$6 -> 1.03 | G8: =Calc_Current!$B$39 -> 298 | J8: =Calc_Current!$B$27 -> 423.5 | M8: =Calc_Current!$B$34 -> 0.978125 | P8: =IF(Calc_Current!$B$21,"可触发","不可触发") -> 可触发
C12: 指标 | D12: 当前值 | G12: Rank | H12: Skill Upgrade | I12: New DPS | K12: Gain | L12: Reason
C13: W_base | D13: =Calc_Current!$B$2 -> 340 | G13: =IFERROR(Recommend!$AF2,"") -> 1 | H13: =IFERROR(Recommend!$AG2,"") -> 看破 2→3 | I13: =IFERROR(Recommend!$AH2,"") -> 155.44325 | K13: =IFERROR(Recommend!$AI2,"") -> 0.012564592 | L13: =IFERROR(Recommend!$AJ2,"") -> 提升会心率，当前未满会心时收益稳定
C14: weapon_crt | D14: =Calc_Current!$B$3 -> -30% | G14: =IFERROR(Recommend!$AF3,"") -> 2 | H14: =IFERROR(Recommend!$AG3,"") -> 集中 0→1 | I14: =IFERROR(Recommend!$AH3,"") -> 155.07556 | K14: =IFERROR(Recommend!$AI3,"") -> 0.010169492 | L14: =IFERROR(Recommend!$AJ3,"") -> 减少蓄力帧，不改变单次伤害但提升循环 DPS
C15: H_phys | D15: =Calc_Current!$B$20 -> 80 | G15: =IFERROR(Recommend!$AF4,"") -> 3 | H15: =IFERROR(Recommend!$AG4,"") -> 弱点特效 1→2 | I15: =IFERROR(Recommend!$AH4,"") -> 154.67171 | K15: =IFERROR(Recommend!$AI4,"") -> 0.0075387553 | L15: =IFERROR(Recommend!$AJ4,"") -> 在满足弱点肉质且有覆盖率时提供高额会心收益
C16: buff_atk_plus | D16: =Calc_Current!$B$24 -> 66 | G16: =IFERROR(Recommend!$AF5,"") -> 4 | H16: =IFERROR(Recommend!$AG5,"") -> 攻击 2→3 | I16: =IFERROR(Recommend!$AH5,"") -> 154.58358 | K16: =IFERROR(Recommend!$AI5,"") -> 0.0069646706 | L16: =IFERROR(Recommend!$AJ5,"") -> 提升基础攻击力，收益受当前 ATK 与会心期望共同影响
C17: skill_atk_plus | D17: =Calc_Current!$B$25 -> 17.5 | G17: =IFERROR(Recommend!$AF6,"") -> 5 | H17: =IFERROR(Recommend!$AG6,"") -> 挑战者 3→4 | I17: =IFERROR(Recommend!$AH6,"") -> 154.58358 | K17: =IFERROR(Recommend!$AI6,"") -> 0.0069646706 | L17: =IFERROR(Recommend!$AJ6,"") -> 按愤怒覆盖率同时提升攻击力与会心率
C18: ATK_eff | D18: =Calc_Current!$B$27 -> 423.5 | G18: =IFERROR(Recommend!$AF7,"") -> 6 | H18: =IFERROR(Recommend!$AG7,"") -> 无伤 1→2 | I18: =IFERROR(Recommend!$AH7,"") -> 154.40538 | K18: =IFERROR(Recommend!$AI7,"") -> 0.0058038922
C19: CR_eff | D19: =Calc_Current!$B$31 -> -0.0875 | G19: =IFERROR(Recommend!$AF8,"") -> 7 | H19: =IFERROR(Recommend!$AG8,"") -> 纳刀术 0→1 | I19: =IFERROR(Recommend!$AH8,"") -> 154.03128 | K19: =IFERROR(Recommend!$AI8,"") -> 0.0033670034
C20: ECM | D20: =Calc_Current!$B$34 -> 0.978125 | G20: =IFERROR(Recommend!$AF9,"") -> 8 | H20: =IFERROR(Recommend!$AG9,"") -> 属性强化 0→1 | I20: =IFERROR(Recommend!$AH9,"") -> 153.94477 | K20: =IFERROR(Recommend!$AI9,"") -> 0.0028034447
C21: D_total | D21: =Calc_Current!$B$47 -> 1524.9097 | G21: =IFERROR(Recommend!$AF10,"") -> 9 | H21: =IFERROR(Recommend!$AG10,"") -> 怨恨 0→1 | I21: =IFERROR(Recommend!$AH10,"") -> 153.6035 | K21: =IFERROR(Recommend!$AI10,"") -> 0.00058038922
C22: DPS | D22: =Calc_Current!$B$48 -> 153.5144 | G22: =IFERROR(Recommend!$AF11,"") -> 10 | H22: =IFERROR(Recommend!$AG11,"") -> 超会心 1→2 | I22: =IFERROR(Recommend!$AH11,"") -> 153.5144 | K22: =IFERROR(Recommend!$AI11,"") -> 0
C42: 检查项 | D42: 状态 | E42: 说明
C43: 会心封顶检查 | D43: =IF(ABS(Calc_Current!$B$31)>100%,"注意","OK") -> OK | E43: =IF(ABS(Calc_Current!$B$31)>100%,"当前有效会心超出 -100% 到 100%，ECM 已使用封顶后会心计算","当前有效会心在正常范围内") -> 当前有效会心在正常范围内
C44: 有效帧数检查 | D44: =IF(Calc_Current!$B$39<=0,"错误","OK") -> OK | E44: =IF(Calc_Current!$B$39<=0,"frames_eff 小于等于 0，请检查集中、纳刀术和连段帧数","frames_eff 正常") -> frames_eff 正常
C45: 弱特触发检查 | D45: =IF(Calc_Current!$B$21,"触发","不触发") -> 触发 | E45: =IF(Calc_Current!$B$21,"当前 H_phys ≥ 45，弱点特效可按覆盖率生效","当前 H_phys < 45，弱点特效收益应为 0") -> 当前 H_phys ≥ 45，弱点特效可按覆盖率生效
C46: 集中收益检查 | D46: =IF(Calc_Current!$B$12=0,"无蓄力段","有蓄力段") -> 有蓄力段 | E46: =IF(Calc_Current!$B$12=0,"当前连段 charge_count = 0，集中收益应为 0","当前连段包含蓄力段，集中可通过减少蓄力帧提升 DPS") -> 当前连段包含蓄力段，集中可通过减少蓄力帧提升 DPS
C47: 纳刀术收益检查 | D47: =IF(Calc_Current!$B$14=0,"无纳刀","有纳刀") -> 有纳刀 | E47: =IF(Calc_Current!$B$14=0,"当前连段 sheathe_count = 0，纳刀术收益应为 0","当前连段包含纳刀动作，纳刀术可通过减少纳刀帧提升循环 DPS") -> 当前连段包含纳刀动作，纳刀术可通过减少纳刀帧提升循环 DPS
C52: 模型说明：
C53: 1. 本工具计算当前状态下每个技能“下一等级”的 DPS 边际收益。
C54: 2. 条件技能使用覆盖率近似，例如挑战者、弱点特效、无伤、怨恨。
C55: 3. 集中与纳刀术不改变单次伤害，只通过减少 frames_eff 提升循环 DPS。
C56: 4. 当前 MVP 使用连续期望伤害模型，暂未做逐 hit 向下取整。
C57: 5. 本工具不是防具/珠子搜索器，而是 Skill Priority Recommender。
